,RSI_apply_to,RSI_length,Divergence_num_exteremes_min,Divergence_num_exteremes_max,Divergence_diff_extereme,BestFinder_n_clusters,BestFinder_alpha,Runner_methode1__lenght_data_5M,Runner_methode1__lenght_data_1H,ExtremePoints_num_max_5M,ExtremePoints_num_min_5M,ExtremePoints_weight_5M,ExtremePoints_num_max_1H,ExtremePoints_num_min_1H,ExtremePoints_weight_1H,TrendLines_num_max_5M,TrendLines_num_min_5M,TrendLines_weight_5M,TrendLines_num_max_1H,TrendLines_num_min_1H,TrendLines_weight_1H,TrendLines_length_long_5M,TrendLines_length_mid_5M,TrendLines_length_short1_5M,TrendLines_length_short2_5M,TrendLines_length_long_1H,TrendLines_length_mid_1H,TrendLines_length_short1_1H,TrendLines_length_short2_1H,TrendLines_power_long_5M,TrendLines_power_mid_5M,TrendLines_power_short1_5M,TrendLines_power_short2_5M,TrendLines_power_long_1H,TrendLines_power_mid_1H,TrendLines_power_short1_1H,TrendLines_power_short2_1H,IchimokouFlatLines_tenkan_5M,IchimokouFlatLines_kijun_5M,IchimokouFlatLines_senkou_5M,IchimokouFlatLines_n_cluster_5M,IchimokouFlatLines_weight_5M,IchimokouFlatLines_tenkan_1H,IchimokouFlatLines_kijun_1H,IchimokouFlatLines_senkou_1H,IchimokouFlatLines_n_cluster_1H,IchimokouFlatLines_weight_1H,BestFinder_n_cluster_low,BestFinder_n_cluster_high,BestFinder_alpha_low,BestFinder_alpha_high,st_percent_min,st_percent_max,tp_percent_min,tp_percent_max,ExtremePoints_status,ExtremePoints_T_5M,ExtremePoints_T_1H,TrendLines_status,TrendLines_T_5M,TrendLines_long_T_5M,TrendLines_mid_T_5M,TrendLines_short1_T_5M,TrendLines_short2_T_5M,TrendLines_T_1H,TrendLines_long_T_1H,TrendLines_mid_T_1H,TrendLines_short1_T_1H,TrendLines_short2_T_1H,IchimokouFlatLines_T_5M,IchimokouFlatLines_T_1H,IchimokouFlatLines_status,score,islearned,isborn,corr,corr_low,corr_high
0,HLCC/4,6,234,27,5,7,0.13,2204,202,38,352,738,335,158,769,287,120,272,348,99,19,946,730,356,350,950,632,295,271,75,965,319,412,569,30,533,507,20,35,97,17,680,2,40,34,20,175,15,17,0.11,0.09,0.59,0.67,0.72,0.8,False,True,False,True,False,False,True,True,True,False,True,False,True,False,True,True,False,7.488832661707843,True,False,-0.2304073249727558,-0.0734506532038885,-0.0724674798931028
1,OHLC/4,6,172,25,5,14,0.26,1241,532,185,192,90,53,368,895,13,162,632,363,275,518,996,738,296,255,557,545,388,352,968,846,942,372,574,465,249,717,7,12,68,5,293,8,16,52,14,403,9,18,0.29,0.22,0.33,0.41,0.49,0.58,True,False,True,True,False,True,True,True,False,True,False,True,False,True,False,False,True,18.59982476695403,True,False,-0.1857198206704582,-0.050987734990605,-0.0502538151983922
2,HLCC/4,6,263,19,5,20,0.21,2265,654,43,70,81,274,324,805,109,165,269,253,381,555,916,886,357,336,863,788,322,314,268,381,362,403,32,754,319,678,4,54,94,17,660,4,22,13,12,983,16,4,0.4,0.37,0.33,0.41,0.49,0.58,False,False,True,False,True,True,False,False,False,False,False,False,True,True,True,False,True,15.016935051764944,True,False,-0.1187215024795155,-0.0232024953011739,-0.0228082305132379
3,OHLC/4,5,259,21,4,16,0.29,294,679,158,290,915,288,249,95,205,37,683,254,188,23,945,893,434,286,694,546,287,267,738,872,605,139,970,269,926,43,5,24,14,20,761,17,44,57,7,162,24,17,0.15,0.39,0.77,0.97,0.87,0.82,True,True,True,True,True,False,True,False,False,False,True,False,True,False,False,False,True,5.165265435353124,True,False,-0.0986521835579995,-0.0180782818121117,-0.0178335687963044
4,high,4,229,23,5,6,0.25,1621,576,218,162,120,211,279,187,37,241,32,182,349,103,727,546,363,252,939,660,375,338,435,954,410,232,301,11,66,794,17,23,59,16,950,2,15,31,16,505,6,1,0.08,0.2,0.33,0.41,0.49,0.58,False,True,True,False,True,True,True,False,True,True,True,False,False,True,False,False,True,18.60717430377789,True,False,-0.2084034327986941,-0.0567437181142884,-0.0553865517657996
5,high,5,187,23,5,12,0.31,1131,575,20,104,378,376,152,946,278,87,129,122,201,363,616,552,288,253,769,501,464,268,177,848,480,662,114,595,801,223,25,41,55,17,154,15,38,100,18,794,3,5,0.12,0.06,0.16,0.25,0.29,0.42,True,True,True,True,True,True,True,False,False,True,True,True,True,False,False,True,True,43.46976925514305,True,False,-0.1581795160068626,-0.0384460561268093,-0.0375158529100001
6,close,4,251,21,5,15,0.09,377,869,153,251,473,26,30,778,135,329,946,244,242,392,966,763,395,346,711,601,426,348,914,976,280,350,731,26,866,198,8,41,27,13,223,9,36,55,20,443,2,12,0.38,0.23,0.33,0.41,0.49,0.58,True,False,True,False,True,True,True,True,False,True,False,True,True,False,False,True,False,27.400588935679085,True,False,-0.2108233224833206,-0.0556576247681578,-0.0545904811487263
7,HL/2,5,60,25,5,2,0.14,277,582,128,47,587,128,59,44,399,392,283,308,41,875,964,828,401,290,897,568,498,415,876,77,439,18,497,603,488,632,18,27,65,15,504,9,33,45,20,798,2,25,0.17,0.1,0.2,0.23,0.32,0.37,True,False,False,True,False,False,True,False,False,True,True,True,True,False,True,False,True,42.21420770638058,True,False,-0.1299503281669971,-0.0294965813308982,-0.0286807488188026
8,high,5,95,18,4,20,0.01,2791,692,356,78,812,228,197,469,32,334,514,297,385,445,695,678,454,445,978,536,486,449,892,633,182,902,691,821,187,592,13,60,55,15,908,3,45,100,14,794,13,12,0.14,0.21,0.76,0.85,0.87,0.82,True,False,True,False,True,True,True,False,True,False,False,True,True,False,False,True,False,7.488832661707843,True,False,-0.2304073249727558,-0.0734506532038885,-0.0724674798931028
9,open,5,51,27,5,5,0.21,1145,488,342,214,461,40,374,342,286,264,940,135,36,90,923,594,474,372,664,605,405,261,62,468,513,961,351,758,206,882,26,33,56,19,259,2,17,6,9,629,8,15,0.18,0.37,0.44,0.88,0.61,0.97,True,False,True,False,True,True,False,True,True,False,True,False,True,True,False,True,False,12.178640736305452,True,False,-0.1956154898452559,-0.0557791239404148,-0.0552699858083634
10,open,5,3,26,5,6,0.16,1026,303,220,335,171,292,115,962,208,285,908,389,279,19,913,776,402,391,953,930,498,386,985,278,12,213,298,705,477,156,27,43,102,4,152,5,19,36,7,392,18,21,0.4,0.32,0.33,0.41,0.49,0.58,True,True,True,True,True,False,True,True,False,False,True,True,False,False,True,False,True,18.21640322233105,True,False,-0.1936189235264249,-0.0542591329135404,-0.0536812371880226
11,HL/2,5,69,24,5,10,0.12,272,740,65,272,713,41,387,163,235,50,716,124,177,946,843,603,485,372,899,759,500,391,84,886,680,821,450,473,188,902,12,17,67,2,545,17,33,45,12,826,18,9,0.15,0.15,0.18,0.23,0.31,0.4,True,False,True,False,True,False,False,False,False,True,True,False,True,True,True,True,True,34.54470092419187,True,False,-0.1498521597260417,-0.0359539523947414,-0.0351324276102182
12,high,6,350,20,5,13,0.12,2875,490,10,40,147,351,29,186,291,61,917,17,389,556,906,882,450,259,984,694,454,391,494,895,341,50,917,811,479,366,5,41,40,3,432,6,24,74,8,204,14,8,0.37,0.06,0.33,0.41,0.49,0.58,False,False,True,True,False,True,True,True,True,False,True,True,True,True,True,False,True,19.0040050981582,True,False,-0.1202340678642991,-0.0244849429686542,-0.0233820055015425
13,HL/2,5,13,25,5,11,0.03,698,720,3,66,494,162,108,926,379,286,78,385,99,342,884,750,395,316,894,799,377,260,909,674,653,626,297,572,817,463,3,20,94,9,166,10,37,12,8,185,7,25,0.34,0.21,0.6,0.77,0.73,0.91,True,False,True,False,False,True,True,False,False,False,True,True,False,True,False,True,False,13.253117559416236,True,False,-0.1299503281669971,-0.0294965813308982,-0.0286807488188026
14,OHLC/4,4,291,26,5,16,0.23,485,217,59,137,58,391,55,694,134,45,491,64,171,536,783,550,452,350,891,534,437,370,810,693,239,384,792,800,885,585,20,30,58,10,462,5,8,2,16,302,6,23,0.05,0.25,0.33,0.41,0.49,0.58,False,False,True,False,False,True,False,False,True,True,False,True,False,False,False,False,True,31.289052295613267,True,False,-0.1030636003108402,-0.0212852814259653,-0.0205565025611837
15,HLCC/4,4,387,24,5,16,0.18,1353,844,374,347,866,381,170,262,198,395,727,343,344,253,974,837,331,299,591,545,383,300,631,115,126,345,697,159,615,32,11,24,99,14,86,6,12,56,1,588,4,7,0.18,0.19,0.15,0.24,0.31,0.43,False,False,False,False,True,True,False,False,True,False,True,True,False,False,False,False,False,30.51181071590728,True,False,-0.1759406814107141,-0.0455222383626597,-0.0447753249774961
16,close,4,391,27,5,2,0.04,1604,569,351,311,793,285,112,221,63,349,958,85,190,191,971,664,491,359,688,565,408,259,429,957,426,663,979,325,167,228,20,35,72,18,78,13,52,3,7,89,16,13,0.08,0.22,0.33,0.41,0.49,0.58,True,True,False,True,False,False,False,False,False,False,True,True,True,False,False,True,False,17.14652419014467,True,False,-0.1271340091842453,-0.0295501232944265,-0.0281077599352306
17,OHLC/4,4,45,22,5,3,0.04,1234,311,250,326,827,167,351,279,31,93,98,240,48,87,600,579,443,325,910,707,437,380,569,670,384,922,103,115,943,896,12,20,57,13,871,4,19,55,2,458,4,20,0.09,0.1,0.2,0.22,0.33,0.35,True,False,True,True,False,False,True,False,False,False,True,True,True,False,True,False,False,26.11796716279731,True,False,-0.1529109225929576,-0.0347212591043959,-0.0347879109081599
18,close,4,39,18,3,11,0.09,2518,375,331,304,887,39,201,557,388,207,313,203,269,278,902,546,461,303,764,677,393,373,448,915,935,28,94,14,558,253,18,39,13,17,911,2,35,64,10,662,8,6,0.37,0.35,0.6,0.68,0.75,0.83,False,True,True,False,False,True,True,True,True,True,False,True,True,True,True,False,False,5.450942574950005,True,False,-0.0971425967563189,-0.0165792770910613,-0.0155227842255462
19,open,5,77,18,5,7,0.15,2770,293,258,49,608,108,106,416,196,140,381,163,377,26,956,710,303,289,754,513,413,336,884,972,40,104,261,232,548,865,18,24,98,2,957,5,34,52,8,377,7,3,0.31,0.11,0.55,0.72,0.72,0.89,False,False,False,True,False,True,False,False,False,True,True,False,False,False,False,False,True,6.236467114362758,True,False,-0.1450587627234737,-0.0300841321803506,-0.0299468409945786
20,HL/2,5,98,22,5,18,0.22,219,619,113,369,51,21,340,74,31,289,424,262,168,79,932,705,370,349,826,634,403,374,948,141,263,74,273,303,193,601,20,24,97,5,971,2,42,26,14,866,16,24,0.22,0.36,0.33,0.41,0.49,0.58,True,True,True,False,True,True,False,True,False,False,False,False,False,False,True,False,True,20.91235621810625,True,False,-0.1143679931032366,-0.0230373941080306,-0.0223914465445007
21,OHLC/4,5,305,21,5,13,0.37,2327,764,149,204,837,136,231,675,353,56,955,82,334,194,704,619,338,314,952,515,455,380,916,667,104,745,865,409,429,141,4,23,72,16,128,3,6,35,9,206,20,18,0.1,0.37,0.93,0.87,0.84,0.98,True,True,True,True,True,True,True,False,False,True,False,True,True,False,False,True,True,8.094705089005062,True,False,-0.0986521835579995,-0.0180782818121117,-0.0178335687963044
22,open,4,131,26,5,16,0.37,1275,429,303,117,400,340,370,989,400,63,658,29,97,166,792,658,490,480,847,735,476,288,156,27,141,45,599,199,833,49,15,22,65,2,702,12,20,86,6,469,24,19,0.3,0.17,0.48,0.86,0.65,0.97,True,True,True,False,True,True,False,False,True,False,True,True,True,False,False,True,True,10.716190588734774,True,False,-0.2079146300299433,-0.0588391506691345,-0.0580367212505137
23,HLCC/4,6,147,22,2,6,0.2,1674,833,392,280,527,337,97,206,364,85,698,253,313,834,771,552,475,291,617,563,307,272,658,391,73,712,940,744,813,652,19,59,55,6,408,13,27,16,11,707,10,9,0.12,0.29,0.21,0.42,0.35,0.62,True,False,False,True,True,False,False,True,False,False,True,True,False,False,True,False,False,32.70506615357665,True,False,-0.1024324462236234,-0.0198245211073502,-0.0191839383704682
24,low,5,399,18,2,7,0.28,2380,751,218,160,232,90,176,592,166,110,718,12,387,408,983,789,439,297,891,685,462,309,53,119,306,405,687,248,412,243,12,37,98,17,433,5,42,83,4,754,16,12,0.32,0.26,0.56,0.7,0.74,0.88,False,True,True,False,False,False,True,False,False,True,True,False,False,False,True,True,True,6.50108566466361,True,False,-0.1131592895413603,-0.0205368395181404,-0.0205106103595409
25,close,5,16,22,5,18,0.39,2979,432,145,172,21,232,44,957,87,65,720,29,239,315,790,629,388,298,652,553,325,322,472,369,404,195,693,842,579,926,18,31,50,17,11,16,34,28,8,393,15,22,0.27,0.25,0.28,0.45,0.44,0.65,False,True,True,True,True,True,False,False,False,True,False,True,True,True,False,False,False,18.43768717978828,True,False,-0.2258791626212799,-0.0635934816866907,-0.0624049863105592
26,HLC/3,6,252,18,5,18,0.08,970,448,112,350,513,185,301,819,194,345,485,363,292,807,923,844,421,364,938,839,352,350,329,936,928,396,681,898,792,917,11,12,24,19,205,3,26,97,8,663,15,15,0.27,0.16,0.33,0.41,0.49,0.58,False,False,True,False,True,True,False,False,False,True,False,True,False,False,False,False,False,19.20543156109721,True,False,-0.1141656267036768,-0.0213006003572301,-0.021117803769328
27,HLC/3,6,94,23,5,16,0.38,1505,862,95,292,618,113,79,774,104,56,336,160,67,621,978,553,397,266,754,552,409,321,275,259,937,781,998,333,312,154,17,27,4,11,438,8,14,27,1,67,18,21,0.15,0.3,0.19,0.21,0.35,0.39,True,False,True,True,False,False,False,True,False,False,True,False,False,False,False,True,False,29.028437284521328,True,False,-0.1083798139516501,-0.0219389894696946,-0.0215073369149016
28,HL/2,6,137,25,5,5,0.01,1413,447,364,280,764,191,299,811,216,59,263,17,318,505,850,698,442,393,709,583,444,266,585,508,497,275,524,50,201,193,29,34,97,13,688,7,49,44,4,221,21,25,0.25,0.38,0.33,0.41,0.49,0.58,False,True,True,True,False,False,False,False,False,False,True,False,False,False,False,True,False,20.54238487221688,True,False,-0.1115696534875779,-0.0237220519817331,-0.0231951213493348
29,high,4,378,27,5,9,0.39,981,342,223,103,738,188,96,967,319,240,348,60,193,784,879,788,414,299,939,682,494,420,502,538,366,858,103,533,892,732,20,24,87,2,409,2,21,62,4,30,14,12,0.33,0.06,0.2,0.2,0.37,0.37,False,False,False,True,True,False,True,True,False,False,True,False,True,False,True,False,False,26.653118678477384,True,False,-0.1423674233475738,-0.035056813797018,-0.0334326948533932
30,high,5,68,27,5,16,0.27,1352,304,8,207,380,33,366,861,13,221,280,15,391,931,857,582,441,328,976,532,308,254,917,507,870,744,214,153,891,576,21,51,7,18,550,9,27,36,13,46,10,6,0.03,0.31,0.33,0.41,0.49,0.58,True,False,True,False,False,True,False,False,False,False,True,False,False,True,True,True,False,21.50058392881361,True,False,-0.1316238873393063,-0.0318050242183722,-0.0304321840757545
31,HL/2,6,26,21,6,12,0.03,2421,875,10,322,235,106,169,574,227,15,38,281,135,91,706,604,396,287,635,503,374,329,914,487,99,573,978,293,524,957,25,26,4,17,152,14,18,98,12,74,6,3,0.2,0.13,0.5,0.79,0.66,0.92,False,False,True,True,True,True,False,False,True,False,False,False,False,False,True,True,False,10.52991188465112,True,False,-0.1141255672542604,-0.0229955665177909,-0.0220917648811834
32,high,6,125,19,3,8,0.26,1329,698,341,33,418,383,299,631,265,69,635,350,268,525,761,674,419,405,786,664,383,327,142,36,676,412,625,320,920,274,27,57,57,6,204,5,10,13,6,541,21,25,0.11,0.36,0.83,0.96,1.0,0.89,True,False,True,False,False,True,False,False,True,False,False,True,False,True,True,False,False,5.336597537184118,True,False,-0.1427628109355587,-0.0311397229817092,-0.0299677692266609
33,low,4,25,18,1,9,0.03,1422,643,216,9,392,16,62,974,340,333,205,202,80,351,892,818,415,374,746,745,387,345,206,593,933,197,278,83,26,824,25,27,28,13,409,13,50,8,16,94,10,18,0.34,0.32,0.49,0.97,0.9,0.85,False,True,False,True,True,True,True,True,False,False,True,True,True,False,False,False,False,7.488832661707843,True,False,-0.2304073249727558,-0.0734506532038885,-0.0724674798931028
34,close,4,287,26,5,16,0.29,2079,668,223,357,286,281,73,728,312,211,599,43,181,760,952,691,375,306,848,528,394,347,376,600,813,556,405,93,811,775,9,57,48,13,796,9,39,54,9,171,6,5,0.13,0.12,0.33,0.41,0.49,0.58,True,True,False,False,True,False,False,False,False,True,True,False,False,True,False,False,False,17.70604592134386,True,False,-0.1343366403816993,-0.0315198450482077,-0.0299972438738439
35,high,5,33,22,5,18,0.27,2648,507,372,376,479,112,172,388,78,53,483,199,51,768,918,661,497,432,694,559,430,427,711,315,183,545,848,559,234,802,26,49,38,18,645,4,27,75,20,785,20,16,0.3,0.17,0.33,0.41,0.49,0.58,False,False,False,False,False,True,True,False,True,True,True,True,True,False,True,False,True,18.60806249258124,True,False,-0.1685108259423411,-0.0416285385642204,-0.04013462815216
36,HLCC/4,5,82,21,5,11,0.09,2291,597,210,48,601,277,124,686,37,259,734,311,6,91,607,594,382,287,706,587,289,284,851,933,704,3,52,829,674,461,26,30,84,5,162,7,47,62,16,802,14,19,0.4,0.12,0.33,0.41,0.49,0.58,True,True,False,False,False,True,False,True,True,False,False,True,False,False,True,True,False,15.385328153598852,True,False,-0.1434444481455462,-0.0315674407142328,-0.03150271338674
37,open,4,171,18,1,19,0.38,2996,381,62,275,726,37,197,274,345,329,855,225,369,943,682,679,332,261,725,667,432,307,804,305,786,863,229,972,88,671,3,6,91,19,575,15,21,61,6,828,18,18,0.4,0.26,0.87,0.98,0.86,0.89,False,False,True,True,False,False,False,False,True,False,True,False,True,True,True,False,False,7.488832661707843,True,False,-0.2304073249727558,-0.0734506532038885,-0.0724674798931028
38,HLC/3,4,45,23,5,9,0.07,2038,588,138,3,232,196,117,857,382,287,483,36,233,296,966,783,392,282,857,806,414,372,505,567,705,682,511,611,781,125,14,39,71,13,432,13,52,89,4,79,24,22,0.16,0.22,0.33,0.41,0.49,0.58,True,False,False,False,False,False,False,True,True,True,False,False,False,True,False,True,False,18.8269911539036,True,False,-0.2144348377365519,-0.0588925711412254,-0.058255743801057
39,open,5,308,26,5,8,0.3,262,207,378,395,879,340,107,844,301,5,581,193,253,594,611,504,343,305,885,802,394,286,236,898,465,185,351,886,461,248,2,35,33,7,981,9,16,93,14,968,12,19,0.21,0.07,0.33,0.41,0.49,0.58,True,False,True,False,False,False,True,True,True,True,True,False,False,False,True,False,True,18.22756621890285,True,False,-0.1936189235264249,-0.0542591329135404,-0.0536812371880226
40,OHLC/4,4,13,18,5,2,0.08,2939,913,219,134,404,216,363,855,103,111,975,78,31,786,779,776,330,326,658,502,476,310,495,372,748,625,559,248,613,405,12,28,94,18,33,8,12,63,10,207,10,15,0.33,0.25,0.42,0.93,0.86,0.81,True,True,True,False,True,True,True,False,True,True,False,True,True,False,True,False,True,7.488832661707843,True,False,-0.2304073249727558,-0.0734506532038885,-0.0724674798931028
41,high,6,242,27,5,7,0.03,2700,746,84,2,563,326,112,783,308,51,822,148,287,643,651,584,365,296,824,519,353,304,156,952,448,660,383,757,847,966,15,53,9,19,851,9,19,46,5,561,8,7,0.2,0.14,0.33,0.41,0.49,0.58,True,False,False,False,True,False,False,True,True,True,True,False,True,False,False,False,True,29.734566359008696,True,False,-0.1832082697234356,-0.0528541132430423,-0.0512543312430351
42,HLCC/4,5,160,25,5,14,0.07,1783,748,306,390,916,48,256,170,380,340,816,169,262,278,910,576,372,322,749,640,462,282,309,517,439,526,924,962,183,608,15,23,40,2,825,12,45,86,13,257,25,13,0.08,0.13,0.33,0.41,0.49,0.58,False,True,False,False,False,False,False,True,False,True,False,False,False,True,False,False,False,19.41993904773684,True,False,-0.1421944497356763,-0.0340966202169519,-0.033328524050025
43,high,6,337,19,6,8,0.4,1022,906,103,127,293,392,142,617,236,314,419,62,241,905,938,695,471,293,579,511,408,391,225,369,696,493,135,376,868,970,4,50,25,1,938,16,42,92,6,315,21,15,0.3,0.11,0.19,0.21,0.35,0.38,True,True,True,True,False,True,False,False,False,True,True,False,False,False,True,True,False,28.177225638665867,True,False,-0.1427628109355587,-0.0311397229817092,-0.0299677692266609
44,HLC/3,5,26,18,5,5,0.14,1673,541,168,340,319,253,390,365,122,5,294,160,375,447,839,665,365,364,982,810,356,322,428,694,499,530,18,716,9,255,21,29,95,5,136,15,21,74,6,798,5,8,0.08,0.08,0.33,0.41,0.49,0.58,True,False,False,False,True,True,False,True,True,False,True,True,True,False,False,True,True,17.95348496576612,True,False,-0.171589054045289,-0.0382101600444823,-0.0381031085968501
45,open,5,15,26,5,7,0.38,1151,325,120,12,431,58,60,400,62,64,846,168,261,949,748,529,378,306,895,825,366,292,848,620,160,755,543,333,884,231,15,23,8,3,287,4,29,78,17,464,14,20,0.15,0.11,0.18,0.23,0.33,0.4,True,False,True,False,False,True,False,False,True,True,True,True,False,True,False,True,False,26.87926659988915,True,False,-0.1936189235264249,-0.0542591329135404,-0.0536812371880226
46,HLCC/4,4,177,19,5,19,0.16,728,364,19,68,42,185,122,382,156,297,596,356,337,438,649,589,317,299,743,694,461,392,368,471,2,155,407,591,517,454,29,46,82,7,78,11,48,6,2,975,24,6,0.21,0.12,0.88,0.82,0.8,0.88,False,False,True,True,True,True,False,True,False,False,True,False,False,True,True,False,True,5.97373577294138,True,False,-0.1745024313215711,-0.0402654247460377,-0.0397976694342924
47,close,4,284,18,2,7,0.27,2295,837,63,185,521,320,46,741,246,360,443,374,258,794,787,771,405,349,997,936,469,406,682,838,705,305,148,786,315,662,9,31,20,8,200,17,33,41,9,183,16,5,0.27,0.01,0.86,0.84,1.0,0.98,False,True,True,True,True,True,True,True,True,True,False,False,False,True,False,False,False,7.488832661707843,True,False,-0.2304073249727558,-0.0734506532038885,-0.0724674798931028
48,HLC/3,5,219,21,5,14,0.03,2644,769,268,305,948,130,357,585,30,339,725,375,137,562,918,911,356,300,893,670,389,298,505,860,950,365,119,472,474,312,23,25,56,17,970,10,20,68,14,706,5,13,0.06,0.08,0.33,0.41,0.49,0.58,True,True,True,True,False,False,True,False,True,False,True,True,False,False,False,True,True,28.49249504243261,True,False,-0.1012098210863233,-0.0186178021503345,-0.0183900830189009
49,high,4,335,18,3,4,0.27,1964,794,259,236,365,349,80,411,21,352,971,280,376,314,975,606,365,262,995,686,500,294,476,296,439,423,500,656,746,226,7,28,48,10,733,9,30,53,5,375,1,20,0.13,0.23,0.2,0.21,0.36,0.37,True,True,True,False,False,False,True,False,True,True,True,True,True,True,False,True,True,22.415618989551945,True,False,-0.2678224976782039,-0.0750928502721619,-0.0743244514702275
50,OHLC/4,6,160,20,5,10,0.26,677,600,88,386,372,81,13,916,302,115,746,69,123,937,829,560,460,393,932,701,318,289,929,61,647,109,360,531,829,750,15,56,64,9,888,18,35,93,8,989,9,2,0.21,0.3,0.33,0.41,0.49,0.58,True,False,True,False,False,False,True,False,False,False,True,False,True,False,False,True,False,37.18744426259981,True,False,-0.1729273782726082,-0.0413076223282059,-0.0405662770497813
51,open,5,375,22,6,3,0.23,669,898,157,232,127,89,51,61,34,117,740,126,207,718,580,572,468,336,816,739,480,254,437,947,747,84,701,288,181,253,9,35,4,14,809,13,35,65,4,613,4,7,0.21,0.33,0.15,0.25,0.31,0.44,True,True,True,False,False,False,True,True,False,True,True,False,True,False,False,False,False,28.043133700083903,True,False,-0.2413195614567512,-0.0702713961352486,-0.0698762147282982
52,OHLC/4,5,121,24,5,5,0.17,773,298,39,126,579,299,157,433,126,217,259,171,169,886,866,740,410,307,831,528,497,448,231,109,940,71,585,907,168,449,4,26,12,5,449,15,37,40,12,266,5,14,0.21,0.03,0.33,0.41,0.49,0.58,False,False,True,False,False,False,False,False,False,False,True,False,False,False,True,False,False,26.69079330407663,True,False,-0.092983321467546,-0.0177152792572781,-0.0170091001694517
53,high,4,117,18,5,12,0.04,239,972,256,121,694,188,33,994,33,106,822,26,148,156,779,766,423,377,780,706,386,270,149,630,900,681,376,36,251,501,3,43,52,7,262,5,17,51,8,722,22,21,0.34,0.05,0.17,0.23,0.33,0.42,False,True,True,True,True,False,True,False,True,True,False,False,False,True,False,False,True,26.22979429054242,True,False,-0.2678224976782039,-0.0750928502721619,-0.0743244514702275
54,close,4,383,27,5,10,0.39,1744,209,87,13,23,68,19,643,371,240,758,195,33,399,643,536,378,310,839,610,481,360,515,788,495,163,91,54,767,611,8,45,76,9,986,4,27,7,10,885,1,9,0.18,0.11,0.33,0.41,0.49,0.58,False,True,True,True,True,True,False,False,False,False,True,False,True,True,True,False,True,17.11022595590924,True,False,-0.1271340091842453,-0.0295501232944265,-0.0281077599352306
55,close,6,174,24,1,12,0.27,619,251,33,172,673,379,76,694,7,276,684,269,81,683,971,884,500,498,898,635,499,483,66,129,714,29,183,889,163,445,19,32,103,5,837,4,30,26,3,391,1,14,0.17,0.13,0.14,0.28,0.23,0.45,True,False,False,True,True,True,True,True,False,True,False,False,True,True,False,False,True,29.6406127269899,True,False,-0.18979485521248,-0.0526034887482046,-0.0507690215877845
56,HLC/3,5,119,20,5,20,0.23,1911,612,148,49,328,162,28,428,206,103,19,123,332,57,986,599,435,406,668,551,431,419,954,22,930,226,684,204,439,664,2,28,65,5,612,8,29,100,13,703,16,22,0.25,0.26,0.33,0.41,0.49,0.58,True,False,False,False,True,True,True,False,False,False,True,False,False,False,True,False,True,19.515106725959424,True,False,-0.1399901481202366,-0.0296697289259863,-0.0295983714066131
57,close,5,173,26,5,6,0.17,874,253,317,156,315,243,236,668,384,141,934,229,184,795,967,868,409,267,884,700,490,472,821,281,688,250,207,578,28,566,9,59,76,17,385,11,13,99,20,288,17,11,0.33,0.32,0.16,0.24,0.31,0.43,True,True,True,True,False,False,True,False,True,True,True,True,True,True,False,False,True,28.58253817084368,True,False,-0.167933683635177,-0.044832837426429,-0.0434363822812772
58,HL/2,5,240,25,5,18,0.21,1050,582,373,312,840,176,91,25,44,26,327,7,349,604,793,724,471,359,816,558,399,297,571,378,122,545,3,14,632,779,8,60,93,9,985,16,27,5,20,365,21,6,0.27,0.4,0.33,0.41,0.49,0.58,False,False,False,True,True,True,True,False,False,True,True,False,False,False,True,True,False,24.4756023076276,True,False,-0.1299503281669971,-0.0294965813308982,-0.0286807488188026
59,close,5,197,18,2,7,0.24,499,652,121,19,71,276,250,681,236,25,747,81,252,590,970,865,453,252,684,544,488,270,776,994,84,350,209,515,611,75,5,44,15,2,647,10,47,95,10,860,13,18,0.09,0.37,0.93,0.8,0.88,0.98,True,True,True,True,True,False,True,True,False,True,False,False,True,True,False,False,True,7.488832661707843,True,False,-0.2304073249727558,-0.0734506532038885,-0.0724674798931028
60,high,4,33,18,5,9,0.08,517,401,370,394,121,62,135,444,54,198,433,353,17,458,867,517,366,347,834,762,401,352,411,528,10,152,342,552,109,680,8,49,25,11,913,16,52,101,8,815,12,6,0.09,0.19,0.33,0.41,0.49,0.58,False,False,True,False,False,True,True,True,True,True,True,False,True,False,True,True,True,16.49559994709701,True,False,-0.2678224976782039,-0.0750928502721619,-0.0743244514702275
61,open,4,214,24,5,12,0.3,1063,809,248,351,518,197,283,804,263,158,772,338,230,518,972,603,499,395,933,650,396,370,529,986,153,555,869,712,340,321,4,57,83,5,982,9,19,63,11,272,21,22,0.03,0.01,0.33,0.41,0.49,0.58,True,True,True,False,True,True,True,False,False,True,True,False,False,False,False,True,True,17.47617194306268,True,False,-0.2423122200519988,-0.0718291379891762,-0.0712492831713745
62,HL/2,5,79,18,5,12,0.15,2720,866,295,178,815,220,95,203,383,153,120,122,372,594,680,645,367,269,885,591,311,307,7,458,40,245,219,849,94,540,30,56,24,3,661,3,49,35,5,495,2,8,0.19,0.2,0.16,0.27,0.26,0.43,True,True,True,False,False,False,True,False,False,True,False,False,False,False,False,True,False,46.03374405067539,True,False,-0.1523800855149616,-0.0323798838864029,-0.0321010915666912
63,OHLC/4,6,147,24,5,20,0.38,2427,713,268,182,94,264,349,794,364,321,851,4,242,543,757,542,389,357,952,695,398,343,750,255,624,497,31,26,606,81,10,11,95,19,382,6,40,4,3,818,14,15,0.2,0.13,0.33,0.41,0.49,0.58,False,True,True,True,False,False,False,True,True,False,True,True,False,True,True,False,True,21.2516905040614,True,False,-0.1009520456797333,-0.0202274532260718,-0.0196839229630757
64,HLCC/4,5,209,20,2,10,0.38,586,220,335,28,571,29,21,101,395,18,815,206,118,490,844,839,363,322,919,859,461,437,698,382,152,168,970,210,824,178,16,44,29,14,176,4,42,12,16,757,14,13,0.28,0.06,0.48,0.81,0.6,0.87,False,False,True,False,False,True,False,True,True,True,False,True,True,False,True,False,True,9.055204131985253,True,False,-0.1593727343032125,-0.0359913872767113,-0.0358418605064726
65,HLCC/4,5,45,20,5,19,0.25,2123,403,182,195,244,291,377,78,172,132,917,149,168,509,802,595,273,256,961,611,397,390,396,791,104,695,134,588,915,148,13,39,47,7,500,18,28,97,3,579,18,19,0.29,0.27,0.33,0.41,0.49,0.58,True,False,False,False,True,True,False,True,False,False,False,True,True,False,True,True,False,17.818285529279752,True,False,-0.1593727343032125,-0.0359913872767113,-0.0358418605064726
66,HLC/3,6,219,25,5,2,0.27,1956,577,319,161,14,361,52,907,361,301,831,50,220,504,886,804,459,251,727,546,402,259,169,642,389,679,278,654,488,364,16,49,83,14,950,13,16,20,17,236,22,17,0.18,0.1,0.77,0.97,0.99,0.83,False,True,True,True,True,True,True,True,False,False,False,False,False,False,False,True,False,5.639540775469133,True,False,-0.1433421932315039,-0.0349350754509459,-0.0344388813763312
67,HLC/3,6,319,20,1,11,0.36,1039,902,355,346,682,7,388,964,205,54,612,388,80,354,704,533,499,484,703,655,436,429,940,231,580,325,248,508,311,949,8,55,92,18,17,14,21,25,20,275,18,5,0.03,0.07,0.96,0.92,0.85,0.98,True,True,True,True,True,False,True,True,False,False,False,False,True,False,False,False,True,8.86267343646634,True,False,-0.1713794297569955,-0.0407993315047187,-0.0403182437929261
68,close,6,133,23,4,16,0.28,2473,817,107,98,216,310,6,212,229,57,71,91,140,624,980,930,407,294,554,535,489,433,280,168,139,35,755,759,192,236,3,54,84,11,651,16,47,52,18,677,4,17,0.4,0.33,0.36,0.72,0.53,0.82,True,False,False,True,False,False,True,False,True,True,False,False,False,False,True,False,False,13.985203385923112,True,False,-0.2327059190280453,-0.0691647231293538,-0.0677306692957034
69,HLC/3,4,300,21,6,8,0.05,103,917,23,36,245,129,136,722,102,77,672,136,226,58,690,590,498,335,740,549,380,315,36,427,369,989,21,94,602,379,20,55,64,3,906,11,42,100,11,905,18,11,0.13,0.13,1.01,1.03,1.14,1.2,False,False,True,False,True,True,True,False,False,False,False,True,False,True,True,False,True,0.0,False,True,0.0,0.0,0.0
70,HL/2,5,23,25,6,1,0.25,777,996,296,352,906,20,26,878,181,361,151,106,396,994,894,696,465,345,878,523,451,269,891,109,181,869,216,53,93,291,9,33,69,20,490,15,32,20,1,842,21,15,0.34,0.25,1.15,1.03,1.2,1.09,False,False,False,False,False,False,False,False,True,False,False,True,False,True,False,True,True,0.0,False,True,0.0,0.0,0.0
71,HL/2,4,116,22,6,19,0.29,258,948,39,63,391,64,4,650,119,136,909,19,86,724,635,607,456,392,937,530,302,277,512,311,695,601,993,198,690,629,7,22,60,18,275,7,44,54,17,874,2,2,0.14,0.2,1.0,1.19,1.12,1.02,True,True,False,True,True,False,True,False,True,True,True,False,False,False,False,True,True,0.0,False,True,0.0,0.0,0.0
72,OHLC/4,4,135,27,6,10,0.02,2879,915,275,308,319,27,238,479,212,206,70,326,318,910,847,757,459,429,861,608,353,285,284,512,549,607,454,612,85,934,17,37,68,16,985,9,34,9,16,814,3,19,0.36,0.09,1.03,1.05,1.09,1.13,True,True,True,True,True,False,True,True,False,False,True,False,True,True,True,False,False,0.0,False,True,0.0,0.0,0.0
73,HL/2,6,93,25,6,5,0.17,1232,962,305,367,548,328,316,665,134,226,904,112,185,470,941,767,431,375,802,607,313,264,104,256,347,415,618,980,990,539,28,32,95,6,418,13,22,66,17,950,21,10,0.24,0.28,1.2,1.15,1.1,1.12,False,True,False,False,False,True,False,False,False,True,True,True,False,True,False,False,False,0.0,False,True,0.0,0.0,0.0
74,low,5,377,23,6,3,0.09,2559,498,239,133,701,63,217,632,205,291,799,270,62,362,805,536,348,290,955,620,495,324,250,85,896,647,272,861,464,102,10,44,99,12,331,10,18,50,17,451,4,19,0.28,0.4,1.1,1.16,1.04,1.03,True,True,False,False,True,False,True,True,True,False,True,False,True,True,False,True,False,0.0,False,True,0.0,0.0,0.0
75,OHLC/4,4,132,22,6,10,0.17,1080,824,178,327,426,39,37,699,321,319,785,220,263,75,911,587,412,256,914,661,458,339,758,843,630,784,961,752,315,47,12,34,21,13,574,7,52,29,16,415,8,10,0.31,0.03,1.01,1.19,1.13,1.11,True,True,False,False,True,False,False,False,True,False,False,True,True,False,True,True,True,0.0,False,True,0.0,0.0,0.0
76,close,5,340,18,6,3,0.14,2066,810,33,316,815,155,166,607,116,79,148,268,257,827,789,691,422,267,707,597,426,286,546,344,333,672,607,900,840,832,30,35,80,13,290,14,32,101,6,943,3,8,0.15,0.4,1.04,1.04,1.19,1.11,False,False,True,True,False,True,True,False,False,True,False,True,False,False,True,False,True,0.0,False,True,0.0,0.0,0.0
77,high,6,103,25,6,7,0.14,560,998,333,33,186,35,16,613,201,3,43,276,234,804,997,616,469,390,941,679,478,256,886,58,11,647,285,91,782,649,21,42,24,9,846,6,23,46,7,757,16,6,0.34,0.21,1.06,1.17,1.05,1.0,True,False,False,True,False,True,True,True,False,False,True,False,False,False,False,False,True,0.0,False,True,0.0,0.0,0.0
78,low,5,125,25,6,19,0.16,1216,776,253,149,298,276,228,705,48,369,300,130,271,124,733,725,471,400,945,693,471,348,696,568,442,3,103,261,245,932,23,26,9,18,252,3,25,75,7,233,11,8,0.23,0.18,1.08,1.2,1.18,1.09,False,False,False,True,False,False,False,True,True,False,True,True,True,False,True,True,False,0.0,False,True,0.0,0.0,0.0
79,HL/2,5,225,24,6,14,0.1,2566,926,29,84,438,58,283,294,289,313,731,226,115,941,924,716,478,398,612,557,425,305,910,898,735,390,173,559,354,613,16,34,24,4,578,3,28,65,4,28,6,24,0.11,0.02,1.01,1.0,1.12,1.1,False,False,True,True,False,True,True,False,True,False,False,False,True,True,True,False,True,0.0,False,True,0.0,0.0,0.0
80,close,6,184,20,6,19,0.27,2028,631,71,167,52,320,169,96,397,141,723,46,160,288,910,714,364,363,697,588,379,348,781,579,533,663,784,865,237,54,8,13,15,19,860,13,25,90,8,538,7,6,0.25,0.07,1.09,1.04,1.12,1.01,True,True,False,False,False,False,False,False,True,False,False,True,True,False,False,False,False,0.0,False,True,0.0,0.0,0.0
81,open,4,399,23,6,18,0.18,2285,982,325,274,787,222,216,940,285,21,619,55,166,145,936,635,363,281,952,706,309,303,531,875,41,355,242,769,983,157,30,48,70,8,365,10,22,82,17,751,23,2,0.1,0.3,1.04,1.1,1.19,1.07,True,False,False,True,True,False,False,True,False,True,False,False,False,False,False,True,False,0.0,False,True,0.0,0.0,0.0
82,high,4,366,19,6,1,0.23,1614,482,208,349,961,378,183,273,124,283,838,292,340,295,974,761,465,270,851,790,351,261,924,477,683,324,162,760,896,285,17,51,42,17,639,18,39,79,13,244,13,9,0.26,0.35,1.08,1.0,1.18,1.03,True,False,True,True,True,True,True,True,True,False,False,False,True,True,False,True,True,0.0,False,True,0.0,0.0,0.0
83,open,4,34,24,6,14,0.14,1066,739,21,199,788,265,392,27,124,74,356,101,305,323,841,720,386,380,888,761,468,439,984,841,742,407,425,846,517,607,9,25,11,17,543,4,38,74,6,140,24,14,0.14,0.3,1.0,1.0,1.13,1.14,False,False,True,True,False,False,True,True,True,True,False,False,False,True,True,True,False,0.0,False,True,0.0,0.0,0.0
84,low,4,295,24,6,9,0.15,2606,278,149,247,598,213,210,765,70,106,496,323,326,610,960,952,479,451,910,748,484,409,509,609,919,108,647,481,647,966,8,17,55,8,628,7,25,6,13,829,15,17,0.38,0.12,1.09,1.01,1.09,1.01,True,False,True,False,True,True,True,False,False,False,True,False,False,True,False,True,False,0.0,False,True,0.0,0.0,0.0
85,HLC/3,5,132,20,6,6,0.35,2135,377,309,276,890,32,62,748,290,206,463,229,321,943,788,585,435,403,777,579,368,330,84,133,855,971,73,175,549,164,29,60,78,10,131,17,18,31,18,609,4,16,0.15,0.27,1.04,1.18,1.11,1.2,False,False,False,False,True,True,False,True,True,False,False,False,True,False,False,False,False,0.0,False,True,0.0,0.0,0.0
86,HLC/3,6,184,23,6,17,0.07,2645,926,299,360,8,150,125,371,380,359,189,22,104,463,681,604,447,324,655,530,353,293,395,792,452,954,484,499,227,433,6,26,46,16,566,3,45,89,9,345,25,15,0.05,0.39,1.08,1.09,1.18,1.2,True,True,True,True,False,False,False,False,False,False,True,False,False,False,False,False,True,0.0,False,True,0.0,0.0,0.0
87,HL/2,5,188,19,6,17,0.19,2880,810,230,354,733,65,86,109,68,184,825,86,294,460,803,791,441,416,863,531,326,253,808,719,484,883,859,340,152,500,13,42,90,2,859,13,52,2,17,529,5,10,0.35,0.01,1.13,1.01,1.02,1.03,False,False,False,True,True,False,False,False,True,True,True,False,False,True,True,False,True,0.0,False,True,0.0,0.0,0.0
88,HLC/3,6,154,27,6,5,0.13,421,523,32,74,666,359,199,565,388,162,122,342,372,233,830,632,322,275,819,587,319,268,373,3,866,233,701,809,423,559,2,25,77,5,133,6,50,78,12,877,18,13,0.17,0.06,1.0,1.09,1.15,1.12,False,False,True,False,False,False,False,False,False,True,False,False,False,True,True,True,True,0.0,False,True,0.0,0.0,0.0
89,HLC/3,6,276,23,6,7,0.24,2635,701,40,153,195,225,295,329,86,368,902,110,186,425,747,605,457,292,869,513,303,270,337,675,796,347,34,698,317,876,2,16,22,15,941,6,9,48,1,101,6,9,0.07,0.01,1.17,1.06,1.05,1.01,False,True,True,False,False,True,True,False,True,True,True,True,False,False,False,False,False,0.0,False,True,0.0,0.0,0.0
90,low,4,369,19,6,4,0.21,893,528,214,258,220,96,236,645,77,252,874,137,328,635,965,925,441,338,875,754,362,320,59,112,145,36,586,750,623,144,2,32,53,13,753,11,12,90,10,417,3,22,0.02,0.22,1.01,1.19,1.15,1.17,False,False,False,False,False,False,False,True,False,False,False,True,False,False,True,True,True,0.0,False,True,0.0,0.0,0.0
91,high,4,366,24,6,4,0.3,1363,639,308,242,111,262,201,804,379,171,349,350,341,870,677,662,417,404,881,766,383,376,736,870,597,343,11,457,544,494,8,51,12,4,846,11,19,27,16,604,9,16,0.31,0.1,1.07,1.0,1.14,1.14,False,True,False,False,False,False,True,True,False,True,True,True,True,True,True,False,False,0.0,False,True,0.0,0.0,0.0
92,open,5,346,27,6,8,0.28,1318,452,207,101,832,278,248,641,126,388,754,56,9,680,938,540,460,336,685,572,346,284,698,6,556,300,410,84,224,894,26,30,36,14,25,8,24,29,15,927,15,10,0.12,0.03,1.17,1.18,1.17,1.1,True,False,False,False,False,True,False,False,True,True,False,False,False,False,True,True,False,0.0,False,True,0.0,0.0,0.0
93,HLCC/4,5,214,22,6,16,0.14,1957,772,203,46,882,28,107,436,31,196,148,222,131,465,934,540,488,410,988,532,486,331,820,919,298,41,458,648,709,281,8,15,25,16,788,6,47,94,8,62,4,4,0.07,0.17,1.01,1.11,1.07,1.1,False,True,False,True,False,True,False,True,False,False,False,True,False,True,True,False,True,0.0,False,True,0.0,0.0,0.0
94,close,4,399,25,6,20,0.13,2142,300,126,103,835,34,51,701,296,304,787,149,203,773,988,649,416,308,784,713,308,290,575,487,845,636,194,818,284,450,19,32,95,16,187,13,37,44,16,375,6,4,0.12,0.18,1.17,1.17,1.02,1.01,True,False,True,False,False,True,True,False,True,False,False,True,True,True,False,False,True,0.0,False,True,0.0,0.0,0.0
95,HLCC/4,5,396,22,6,5,0.09,320,915,85,166,388,53,147,274,315,389,524,164,291,158,922,860,462,313,833,651,412,260,975,638,652,658,822,703,349,649,17,23,35,17,427,10,31,65,20,483,21,4,0.06,0.16,1.08,1.09,1.03,1.16,True,True,False,True,True,False,False,True,False,False,True,True,True,False,True,True,False,0.0,False,True,0.0,0.0,0.0
96,HLC/3,5,332,23,6,8,0.24,1548,745,111,52,490,363,150,203,38,377,200,34,316,118,841,575,417,276,859,766,477,375,67,773,911,832,828,783,128,255,13,58,47,18,970,8,30,23,7,997,20,19,0.19,0.35,1.13,1.17,1.16,1.0,False,True,True,False,False,False,True,True,True,True,False,True,True,False,True,True,True,0.0,False,True,0.0,0.0,0.0
97,low,6,270,22,6,19,0.16,2008,367,328,303,805,255,243,931,144,59,267,6,365,173,881,652,462,461,901,603,365,285,273,715,960,681,813,755,29,606,10,52,39,14,844,7,32,20,2,759,12,8,0.39,0.39,1.05,1.2,1.16,1.1,False,True,True,False,False,True,False,True,True,True,True,True,True,False,False,False,True,0.0,False,True,0.0,0.0,0.0
98,OHLC/4,4,97,19,6,16,0.02,1684,441,104,158,453,347,163,271,361,142,352,289,104,268,785,749,442,301,803,774,445,356,297,571,502,133,360,723,249,366,8,40,40,2,457,7,42,46,1,19,24,7,0.04,0.37,1.19,1.04,1.16,1.09,True,True,True,False,True,True,True,False,False,False,False,True,True,False,True,True,True,0.0,False,True,0.0,0.0,0.0
99,low,4,3,26,6,15,0.28,2818,992,371,341,482,5,174,297,23,10,379,256,3,32,938,676,453,416,879,737,444,301,778,243,132,517,660,951,51,128,30,45,57,12,227,15,33,55,8,742,12,6,0.27,0.12,1.02,1.11,1.1,1.18,False,True,True,True,True,False,True,True,False,True,False,True,True,True,True,True,True,0.0,False,True,0.0,0.0,0.0
100,high,5,287,19,6,20,0.37,401,638,145,355,457,255,234,509,235,230,768,369,167,858,1000,562,412,361,909,557,481,325,462,634,20,107,190,938,712,177,25,33,75,10,21,5,35,30,3,184,25,18,0.22,0.33,1.08,1.14,1.12,1.15,True,False,True,True,False,False,False,True,False,True,False,False,True,True,True,False,False,0.0,False,True,0.0,0.0,0.0
101,high,5,382,26,6,6,0.15,1426,568,170,3,507,30,36,1000,95,290,362,67,270,426,818,579,299,293,889,518,473,373,871,72,19,555,476,327,713,145,6,32,71,6,773,5,9,46,15,947,14,24,0.35,0.21,1.02,1.02,1.12,1.07,False,False,False,True,False,False,False,False,False,True,False,False,True,False,False,True,True,0.0,False,True,0.0,0.0,0.0
102,high,5,325,23,6,14,0.14,1426,851,220,196,934,268,330,765,74,340,689,326,301,127,866,536,474,310,968,740,330,298,627,227,833,888,170,880,462,755,13,52,46,20,72,11,50,45,20,911,15,6,0.16,0.4,1.03,1.14,1.17,1.0,True,True,True,False,False,True,False,False,True,False,True,False,True,False,False,True,True,0.0,False,True,0.0,0.0,0.0
103,open,4,378,24,6,4,0.3,2079,783,236,333,276,210,262,353,232,253,284,369,325,749,914,901,354,289,735,553,291,274,490,155,89,957,172,645,57,372,18,54,69,6,514,4,11,104,3,711,7,10,0.25,0.16,1.15,1.0,1.2,1.19,True,True,True,True,True,True,False,False,False,False,False,False,False,True,False,True,False,0.0,False,True,0.0,0.0,0.0
104,high,5,216,24,6,19,0.08,473,576,138,337,232,5,243,939,270,174,445,373,196,400,786,511,373,294,834,578,390,355,288,207,634,891,681,543,309,591,28,42,100,20,201,10,31,42,9,466,11,9,0.12,0.03,1.13,1.05,1.14,1.14,True,True,False,False,False,True,True,False,False,True,False,False,False,True,False,False,False,0.0,False,True,0.0,0.0,0.0
105,high,4,112,23,6,16,0.32,263,561,96,150,80,13,320,502,91,263,999,282,331,28,818,512,494,457,951,895,334,297,492,761,331,88,152,331,810,482,27,42,9,1,455,2,6,73,12,272,8,8,0.39,0.25,1.02,1.12,1.09,1.17,True,True,True,True,True,True,True,True,True,True,True,False,True,False,True,True,True,0.0,False,True,0.0,0.0,0.0
106,HLC/3,6,333,25,6,20,0.07,779,483,202,220,986,83,338,618,182,151,936,314,136,256,602,540,465,400,743,523,406,324,439,330,896,300,182,286,401,56,25,36,20,1,432,4,13,78,13,411,2,21,0.3,0.29,1.05,1.17,1.16,1.12,True,False,False,False,True,True,True,True,False,False,True,False,False,False,False,True,False,0.0,False,True,0.0,0.0,0.0
107,OHLC/4,5,216,27,6,8,0.14,2985,643,136,343,939,22,373,109,221,393,635,176,375,919,896,582,383,298,825,580,402,384,399,558,479,655,87,901,826,900,22,37,70,1,476,2,14,3,13,664,8,6,0.15,0.32,1.19,1.17,1.03,1.13,True,False,False,False,True,True,True,True,False,False,False,False,True,False,True,True,False,0.0,False,True,0.0,0.0,0.0
108,HLCC/4,4,43,22,6,10,0.01,2897,746,351,109,767,213,135,56,136,341,710,356,135,637,967,932,327,272,995,630,459,450,206,852,224,675,447,998,561,18,10,58,71,20,75,3,28,85,18,149,12,3,0.11,0.19,1.11,1.09,1.13,1.2,False,False,False,True,False,False,False,True,True,True,True,False,True,True,True,True,True,0.0,False,True,0.0,0.0,0.0
109,OHLC/4,5,185,18,6,11,0.04,2746,506,186,152,212,307,341,450,250,89,195,310,338,641,638,603,471,349,718,614,324,315,790,842,213,969,814,805,139,695,27,48,84,3,680,9,51,91,14,428,20,10,0.14,0.13,1.0,1.06,1.19,1.13,False,False,False,True,True,True,True,False,True,False,False,True,True,True,True,True,False,0.0,False,True,0.0,0.0,0.0
110,HL/2,6,318,26,6,7,0.32,969,266,328,246,116,94,3,887,250,248,387,286,324,899,812,793,484,358,879,859,377,358,66,961,76,399,948,356,710,858,26,60,90,20,691,7,19,24,11,168,7,25,0.28,0.22,1.0,1.12,1.09,1.14,True,True,True,False,True,True,True,True,False,True,False,False,False,True,False,False,False,0.0,False,True,0.0,0.0,0.0
111,HLC/3,5,368,24,6,5,0.09,1794,397,203,291,775,243,173,62,90,339,745,169,66,342,946,599,305,300,860,657,353,310,736,7,372,354,551,59,813,107,9,54,42,19,329,13,42,64,9,169,1,7,0.1,0.17,1.13,1.03,1.0,1.03,True,True,False,False,False,False,False,True,False,True,True,False,False,False,True,False,True,0.0,False,True,0.0,0.0,0.0
112,HLCC/4,6,264,20,6,18,0.34,981,289,105,357,60,288,287,107,155,316,927,221,11,574,961,738,380,305,755,738,302,275,575,795,765,464,277,387,26,367,27,34,100,2,681,17,30,79,2,216,13,25,0.24,0.13,1.09,1.0,1.06,1.01,True,True,True,False,True,True,False,True,True,True,False,True,True,True,True,True,True,0.0,False,True,0.0,0.0,0.0
113,close,6,296,20,6,6,0.24,2668,200,357,222,824,245,50,202,145,142,459,383,35,941,778,733,440,376,702,503,405,337,410,355,301,160,783,89,333,385,26,52,12,9,14,11,51,29,17,699,18,15,0.39,0.34,1.16,1.17,1.02,1.12,False,True,False,False,False,False,False,True,True,True,False,True,True,True,True,False,True,0.0,False,True,0.0,0.0,0.0
114,HLCC/4,4,107,27,6,8,0.31,2707,981,126,112,430,279,46,119,272,147,842,266,170,639,626,512,447,403,948,786,452,260,404,648,586,58,224,740,453,848,14,18,75,2,554,6,31,57,19,712,20,14,0.12,0.31,1.13,1.06,1.06,1.18,False,False,False,True,False,True,True,False,False,True,True,True,False,False,True,True,False,0.0,False,True,0.0,0.0,0.0
115,close,4,301,19,6,3,0.23,676,303,325,8,45,301,24,936,108,61,849,348,338,128,714,668,351,346,577,537,316,293,338,634,776,562,111,555,549,573,6,57,64,17,973,8,47,104,3,231,23,13,0.25,0.02,1.13,1.12,1.15,1.02,False,True,False,True,True,True,False,True,False,True,False,False,True,False,False,False,False,0.0,False,True,0.0,0.0,0.0
116,open,6,384,18,6,12,0.01,1231,599,245,144,602,157,128,403,96,374,102,5,13,563,742,606,334,329,974,935,353,336,101,81,25,498,163,748,729,419,3,11,85,14,54,8,24,72,7,656,8,4,0.12,0.07,1.19,1.02,1.03,1.12,False,False,True,True,True,True,False,True,False,False,False,True,True,False,False,False,False,0.0,False,True,0.0,0.0,0.0
117,close,5,361,23,6,14,0.23,942,334,31,346,621,351,99,637,56,14,463,255,365,877,770,565,287,281,872,676,445,263,197,661,412,566,869,143,572,223,7,21,33,15,549,10,33,47,7,658,17,19,0.39,0.38,1.05,1.12,1.01,1.02,True,False,False,False,False,False,True,False,True,True,False,True,True,True,True,False,False,0.0,False,True,0.0,0.0,0.0
118,HLC/3,5,254,24,6,9,0.4,1612,666,210,39,503,48,300,332,140,225,827,58,19,586,960,630,367,348,972,738,473,458,599,849,824,118,457,904,683,315,3,41,44,13,653,9,12,66,1,386,6,23,0.26,0.06,1.01,1.06,1.06,1.2,True,False,False,True,True,False,False,True,False,True,True,True,True,True,True,True,False,0.0,False,True,0.0,0.0,0.0
119,low,6,325,19,6,1,0.35,213,348,123,257,105,324,359,366,53,25,482,218,63,10,692,531,464,344,901,803,353,261,249,56,610,426,877,866,279,923,13,19,50,5,292,13,44,80,13,740,22,9,0.25,0.39,1.17,1.13,1.14,1.08,False,True,True,True,True,False,True,False,False,True,False,False,True,True,True,True,True,0.0,False,True,0.0,0.0,0.0
120,low,6,312,18,6,15,0.12,1427,692,233,132,340,217,118,809,292,141,45,390,29,132,949,903,490,365,848,597,405,314,499,59,392,470,717,660,178,158,15,30,23,6,304,6,26,55,18,413,10,11,0.29,0.02,1.06,1.16,1.07,1.09,False,True,False,False,False,True,True,False,True,True,False,True,True,False,False,True,False,0.0,False,True,0.0,0.0,0.0
121,HL/2,5,54,18,6,17,0.31,2412,462,246,135,862,161,37,605,131,399,311,305,124,684,630,539,475,276,550,521,422,264,651,279,166,652,671,382,92,415,16,27,46,7,196,8,46,71,6,932,11,8,0.03,0.07,1.09,1.02,1.1,1.11,False,False,False,True,False,True,True,False,False,True,True,True,True,False,True,False,False,0.0,False,True,0.0,0.0,0.0
122,high,6,199,22,6,19,0.32,1241,514,278,171,420,39,199,999,326,395,180,389,399,105,970,836,441,366,887,715,333,260,752,652,90,492,281,868,929,758,21,27,103,20,390,18,26,57,19,266,6,22,0.21,0.38,1.09,1.01,1.01,1.0,True,True,False,False,False,True,False,False,False,True,False,False,True,True,True,True,False,0.0,False,True,0.0,0.0,0.0
123,HLCC/4,5,67,23,6,5,0.26,2729,329,63,160,598,184,317,489,227,317,905,100,17,897,962,574,342,273,711,619,342,288,517,720,404,953,884,711,112,315,3,52,33,10,908,2,10,86,3,593,2,19,0.22,0.4,1.11,1.06,1.19,1.2,False,False,True,True,False,False,True,True,True,True,True,False,True,False,False,True,True,0.0,False,True,0.0,0.0,0.0
124,high,6,209,26,6,10,0.03,2923,657,97,191,306,230,175,857,194,135,667,283,368,712,645,561,486,362,888,691,461,319,733,24,962,545,118,117,361,492,6,54,62,1,263,16,49,76,1,721,16,7,0.02,0.36,1.13,1.11,1.02,1.08,True,True,False,False,True,True,False,False,True,False,False,False,True,True,True,False,True,0.0,False,True,0.0,0.0,0.0
125,high,5,265,21,6,6,0.25,2497,982,271,191,602,294,136,686,81,332,732,84,245,541,917,556,448,303,993,628,479,443,613,251,450,946,213,785,164,602,9,56,102,1,532,2,34,52,12,626,12,2,0.04,0.25,1.17,1.04,1.12,1.06,False,False,False,False,True,True,True,True,True,True,True,True,False,True,False,True,True,0.0,False,True,0.0,0.0,0.0
126,open,6,243,18,6,19,0.18,1615,641,47,232,627,128,181,384,377,274,134,335,238,303,993,861,499,361,959,914,378,361,321,701,663,439,880,698,470,478,10,59,56,1,824,11,46,45,10,477,2,11,0.12,0.08,1.18,1.03,1.02,1.14,False,True,True,False,True,True,False,True,True,False,True,True,False,False,True,False,False,0.0,False,True,0.0,0.0,0.0
127,open,6,278,20,6,18,0.37,2943,661,357,298,629,248,165,695,193,233,867,9,153,23,698,636,321,284,633,605,275,270,996,751,309,369,374,654,766,240,24,53,88,10,461,12,50,93,16,427,10,17,0.18,0.06,1.13,1.15,1.04,1.18,True,True,True,False,True,False,False,False,True,True,True,False,False,False,True,True,True,0.0,False,True,0.0,0.0,0.0
128,HL/2,6,95,19,6,10,0.36,1223,505,43,345,611,45,37,890,140,389,697,124,14,247,855,626,328,252,727,647,493,414,535,7,958,667,825,450,747,413,26,34,28,1,795,12,36,67,6,540,14,23,0.06,0.39,1.15,1.12,1.09,1.12,True,False,False,False,True,True,True,False,True,True,True,True,True,False,False,False,True,0.0,False,True,0.0,0.0,0.0
129,close,5,383,21,6,20,0.23,2408,260,71,270,353,220,267,435,212,95,753,235,337,951,913,771,364,330,908,764,423,377,393,146,51,952,176,356,170,167,26,58,28,1,860,12,20,99,16,820,17,6,0.09,0.05,1.19,1.17,1.03,1.02,True,True,False,False,True,True,True,False,False,False,True,True,False,True,True,False,True,0.0,False,True,0.0,0.0,0.0
130,HLCC/4,6,221,27,6,17,0.1,2083,681,358,272,840,112,370,447,364,301,330,141,102,155,854,510,398,312,850,651,431,302,24,626,819,177,612,684,904,620,2,53,2,2,228,4,52,57,8,617,1,23,0.11,0.27,1.18,1.2,1.03,1.14,False,True,False,True,True,True,True,False,False,False,False,True,True,True,True,True,False,0.0,False,True,0.0,0.0,0.0
131,open,4,20,27,6,7,0.09,1955,746,372,20,29,305,289,384,58,397,333,66,301,21,908,836,410,299,950,687,408,259,680,107,894,532,464,227,111,274,26,27,76,5,519,17,37,90,18,117,18,21,0.03,0.37,1.09,1.2,1.04,1.16,False,True,False,True,False,True,False,True,True,True,False,True,True,False,False,True,True,0.0,False,True,0.0,0.0,0.0
132,high,4,152,27,6,11,0.06,927,530,30,342,166,275,298,76,221,234,124,106,16,406,600,573,453,264,747,556,391,300,101,349,898,971,550,498,319,153,6,27,66,15,413,11,12,74,6,874,9,22,0.18,0.23,1.1,1.19,1.16,1.12,True,False,True,True,True,False,True,True,False,False,True,False,True,True,False,True,False,0.0,False,True,0.0,0.0,0.0
133,HLC/3,5,386,25,6,7,0.32,2042,242,107,78,604,257,187,995,17,51,828,184,331,2,698,677,273,266,631,579,407,292,72,871,766,619,20,538,314,664,8,53,67,10,584,5,28,53,15,255,20,22,0.27,0.28,1.12,1.09,1.03,1.05,False,True,True,True,False,False,True,True,False,False,False,False,True,False,False,False,True,0.0,False,True,0.0,0.0,0.0
134,low,5,238,20,6,19,0.33,2050,664,7,322,663,274,359,354,124,111,244,305,342,629,856,849,379,289,913,691,347,319,311,549,725,672,986,832,977,94,6,39,58,3,858,7,52,57,13,283,17,23,0.16,0.12,1.0,1.18,1.0,1.19,False,True,False,False,False,True,False,True,False,False,False,False,True,True,False,False,False,0.0,False,True,0.0,0.0,0.0
135,HLC/3,4,43,18,6,17,0.01,2587,263,358,57,982,122,189,186,218,177,480,230,48,756,847,654,499,386,912,879,454,265,441,587,898,26,685,594,431,327,7,48,55,10,528,3,31,3,17,58,11,16,0.24,0.28,1.2,1.18,1.11,1.05,True,True,True,True,False,True,False,True,False,False,False,True,True,True,False,False,False,0.0,False,True,0.0,0.0,0.0
136,close,4,180,20,6,2,0.16,366,406,7,348,67,179,242,589,294,183,844,211,126,100,748,547,400,287,827,564,490,366,719,383,892,753,282,722,326,105,14,26,2,20,264,12,35,8,17,281,11,11,0.4,0.25,1.17,1.1,1.05,1.14,True,True,True,False,False,False,False,True,True,True,False,False,False,True,False,True,True,0.0,False,True,0.0,0.0,0.0
137,close,5,267,26,6,18,0.28,2272,229,202,400,46,31,339,316,334,212,7,360,328,102,916,846,431,361,873,769,361,302,622,212,682,410,731,815,334,6,7,40,67,7,514,18,49,25,3,24,13,10,0.23,0.04,1.01,1.06,1.1,1.0,False,False,True,True,True,False,True,False,True,False,True,True,True,False,False,False,True,0.0,False,True,0.0,0.0,0.0
138,close,4,144,19,6,2,0.11,1452,497,62,10,433,249,14,643,239,243,638,44,305,166,840,803,298,253,708,626,434,268,776,645,195,49,412,517,128,182,7,27,22,5,827,7,46,52,17,717,25,8,0.04,0.4,1.18,1.11,1.07,1.01,True,False,False,True,False,False,True,False,True,False,False,False,False,True,True,True,True,0.0,False,True,0.0,0.0,0.0
139,close,5,275,25,6,3,0.35,908,648,153,158,226,321,259,972,215,67,299,364,365,248,838,733,384,314,916,794,313,277,539,591,625,92,355,280,677,228,25,52,63,20,982,11,35,59,11,287,4,4,0.17,0.39,1.19,1.04,1.01,1.1,True,True,True,True,True,False,False,True,True,True,False,False,True,True,True,True,False,0.0,False,True,0.0,0.0,0.0
140,high,6,301,19,6,4,0.03,2037,879,204,73,387,88,227,302,162,205,650,111,71,302,976,898,483,322,985,758,476,468,726,475,340,87,264,834,893,727,18,22,31,6,565,7,23,67,17,954,9,2,0.3,0.35,1.07,1.08,1.08,1.01,False,True,True,True,True,False,False,False,False,False,True,True,True,False,False,True,True,0.0,False,True,0.0,0.0,0.0
141,low,4,207,20,6,12,0.3,866,696,21,105,248,302,348,402,287,51,54,345,357,790,710,558,445,341,752,661,375,368,603,655,378,776,462,359,68,420,17,39,39,12,50,17,19,4,3,163,20,1,0.39,0.23,1.2,1.13,1.17,1.09,False,False,False,True,False,True,False,True,False,False,False,True,False,True,True,True,False,0.0,False,True,0.0,0.0,0.0
142,HL/2,6,176,21,6,2,0.04,329,707,203,368,488,42,332,796,359,333,856,178,323,420,950,572,471,361,856,618,473,293,997,131,808,700,888,749,706,892,17,21,27,8,894,12,41,50,5,75,20,16,0.31,0.36,1.2,1.18,1.15,1.11,False,False,True,True,True,True,True,False,False,True,False,True,False,True,True,False,True,0.0,False,True,0.0,0.0,0.0
143,open,6,144,27,6,4,0.2,2426,636,309,42,808,398,269,413,189,159,12,315,159,547,921,636,426,252,976,814,493,298,288,871,621,160,684,254,137,643,6,15,24,9,632,10,47,73,17,887,9,24,0.11,0.06,1.13,1.07,1.13,1.11,False,True,True,True,False,True,True,True,True,False,True,False,False,True,False,False,False,0.0,False,True,0.0,0.0,0.0
144,OHLC/4,4,16,21,6,7,0.27,2759,321,306,340,966,131,22,193,93,101,758,213,190,106,931,578,390,363,917,734,408,286,97,130,346,553,309,239,216,741,9,44,69,6,14,10,21,22,4,639,20,2,0.22,0.29,1.01,1.18,1.1,1.03,False,True,False,True,False,False,False,True,False,False,False,True,False,True,True,True,True,0.0,False,True,0.0,0.0,0.0
145,low,4,342,19,6,5,0.15,774,940,200,211,729,163,196,336,4,158,792,330,307,372,979,695,392,294,976,969,277,264,88,682,43,583,762,33,802,445,15,50,30,3,321,16,52,23,7,956,10,22,0.17,0.01,1.0,1.2,1.01,1.01,False,True,False,False,True,False,True,False,False,False,True,False,False,False,False,True,True,0.0,False,True,0.0,0.0,0.0
146,close,4,234,18,6,15,0.02,2095,568,359,225,512,382,296,316,183,68,502,214,310,186,849,842,500,441,771,589,381,286,994,960,427,844,649,37,581,528,3,54,100,15,36,4,45,44,14,413,2,19,0.09,0.1,1.05,1.2,1.12,1.17,False,False,False,True,True,True,True,True,True,False,False,False,False,False,False,False,False,0.0,False,True,0.0,0.0,0.0
147,HL/2,6,12,24,6,19,0.02,910,332,204,131,508,190,211,440,299,116,595,82,317,718,983,760,322,297,963,520,356,272,365,180,353,878,654,235,844,513,16,29,69,8,183,3,31,99,6,637,23,2,0.01,0.03,1.2,1.0,1.04,1.17,True,True,True,True,True,False,True,True,True,True,True,False,False,True,True,True,True,0.0,False,True,0.0,0.0,0.0
148,low,5,334,27,6,1,0.18,2334,215,62,229,397,364,241,660,144,44,728,54,185,553,685,609,431,261,867,861,477,311,48,29,720,734,807,155,531,549,9,48,48,8,859,17,46,79,18,491,3,3,0.33,0.19,1.06,1.1,1.15,1.18,False,False,True,False,True,True,True,False,True,True,False,False,True,True,False,True,True,0.0,False,True,0.0,0.0,0.0
149,low,5,242,19,6,7,0.22,1982,957,375,230,413,202,374,136,93,248,790,391,240,431,958,568,463,365,941,668,468,461,290,695,660,606,909,509,537,164,3,9,90,13,138,16,27,91,11,733,4,16,0.18,0.19,1.12,1.09,1.19,1.12,False,False,True,False,False,True,False,True,True,True,True,False,False,True,True,True,True,0.0,False,True,0.0,0.0,0.0
150,HLCC/4,6,48,20,6,16,0.08,2701,659,238,227,8,43,100,848,7,254,89,9,276,40,962,715,478,401,890,756,354,272,322,759,850,129,106,476,952,223,9,49,51,5,765,6,45,89,20,340,23,20,0.35,0.03,1.0,1.1,1.14,1.13,False,True,True,False,False,True,False,False,False,True,False,False,False,False,True,False,False,0.0,False,True,0.0,0.0,0.0
151,HL/2,4,64,18,6,10,0.36,680,555,305,202,649,139,238,521,318,139,939,381,265,379,763,726,427,258,794,613,440,257,979,244,319,832,670,321,997,315,24,37,64,17,105,6,29,66,2,93,17,24,0.07,0.04,1.04,1.2,1.07,1.0,False,True,False,True,True,False,True,True,True,True,False,False,False,True,True,False,False,0.0,False,True,0.0,0.0,0.0
152,HLC/3,6,344,25,6,4,0.36,1519,768,8,394,361,14,245,332,17,309,511,95,267,66,865,620,466,361,628,620,430,278,338,381,848,957,796,189,927,17,4,41,81,11,968,12,13,85,14,795,13,13,0.25,0.24,1.04,1.18,1.19,1.05,False,True,True,True,True,False,True,True,False,False,True,True,False,False,True,True,False,0.0,False,True,0.0,0.0,0.0
153,OHLC/4,4,81,22,6,2,0.31,958,914,347,317,293,127,269,409,112,283,777,307,143,338,800,658,477,256,749,559,388,325,697,109,764,916,944,816,122,873,18,29,63,20,45,7,31,98,1,209,6,8,0.04,0.07,1.15,1.06,1.05,1.01,False,True,True,False,True,False,True,True,True,False,False,False,False,False,False,True,False,0.0,False,True,0.0,0.0,0.0
154,high,4,356,22,6,11,0.39,203,879,176,195,170,197,218,225,183,196,113,205,50,99,831,549,492,279,604,582,437,359,448,121,141,169,121,524,435,805,19,51,15,2,762,18,51,13,10,892,4,9,0.18,0.39,1.15,1.06,1.16,1.04,True,False,True,False,True,False,True,False,True,False,False,False,True,True,True,False,False,0.0,False,True,0.0,0.0,0.0
155,HLCC/4,4,247,22,6,8,0.28,723,727,344,32,480,88,354,432,342,27,626,273,381,979,994,644,462,393,727,717,292,273,748,300,822,31,684,617,675,283,15,44,29,11,170,7,31,103,16,753,23,23,0.36,0.22,1.08,1.1,1.18,1.06,True,True,True,True,False,True,False,False,True,True,False,False,False,False,True,True,False,0.0,False,True,0.0,0.0,0.0
156,HLC/3,4,197,22,6,7,0.4,817,802,342,102,339,265,300,156,196,92,109,156,6,448,609,601,399,274,567,558,403,279,723,333,13,544,634,1000,298,574,7,60,2,8,406,14,34,87,1,843,13,13,0.13,0.29,1.17,1.03,1.2,1.08,False,False,False,True,True,True,True,True,False,False,True,True,True,True,True,True,False,0.0,False,True,0.0,0.0,0.0
157,open,6,286,26,6,1,0.16,2132,249,207,120,222,192,400,202,11,270,792,283,87,371,933,635,305,297,930,795,397,393,135,872,297,721,274,377,370,622,27,32,39,14,743,15,40,66,4,645,13,20,0.2,0.23,1.17,1.14,1.15,1.02,False,False,True,False,False,False,True,True,False,True,False,True,False,True,False,False,False,0.0,False,True,0.0,0.0,0.0
158,high,6,69,20,6,20,0.15,601,420,45,191,359,23,216,2,191,325,571,80,317,113,997,634,474,378,939,724,375,277,263,789,473,193,357,62,639,227,29,56,66,14,754,13,40,50,17,367,14,11,0.1,0.33,1.11,1.16,1.04,1.01,True,True,False,False,True,True,True,True,True,True,True,False,False,False,True,True,True,0.0,False,True,0.0,0.0,0.0
159,low,6,94,21,6,15,0.07,2080,631,367,289,981,230,120,686,217,289,299,194,259,812,780,510,494,265,868,789,490,463,494,833,148,146,494,946,609,286,28,47,58,10,877,8,16,73,14,449,4,14,0.4,0.24,1.04,1.06,1.1,1.15,False,False,False,True,False,False,False,True,True,False,True,True,True,False,False,True,False,0.0,False,True,0.0,0.0,0.0
