,mean_tp_pr,mean_st_pr,max_tp_pr,max_st_pr,sum_st_pr,sum_tp_pr,num_tp_pr,num_st_pr,num_trade_pr,max_st,max_st_power,min_st,min_st_power,max_tp,max_tp_power,min_tp,min_tp_power,value_front_intervals_pr_upper,value_front_intervals_pr_upper_power,value_front_intervals_pr_lower,value_front_intervals_pr_lower_power,value_back_intervals_pr_upper,value_back_intervals_pr_upper_power,value_back_intervals_pr_lower,value_back_intervals_pr_lower_power,diff_extereme,money,draw_down,score,methode
0,0.6628815698530395,0.1608769354987907,1.06,0.56,8.588165534193294,36.12513525479672,40,24,64,0.56,0.027027027027027,0.28,0.054054054054054,1.06,0.3404255319148936,0.88,0.0425531914893617,29.47580634065135,0.7,25.88152720684309,1.0,33.89595802208079,0.7692307692307693,31.28735098104765,0.5384615384615384,0.0,7391.493238796529,16.883271841162337,30.305332196248457,pr
1,0.7965185351181923,0.3542757943721687,0.93,0.88,17.6,62.50073861255832,69,20,89,0.53,0.35,0.37,0.35,0.91,1.0,0.81,0.048780487804878,26.47965349083183,1.0,24.80172061408715,1.0,30.903150271866267,1.0,29.4366397038174,0.55,5.0,43226.4292799061,29.463416038151145,20.35730573249168,pr
2,0.4464175257709913,0.2012151311420595,0.88,0.5,15.85847038212267,30.24493128625555,50,42,92,0.5,0.3720930232558139,0.24,0.3488372093023256,0.88,1.0,0.72,0.0833333333333333,29.09570400330308,1.0,25.37342330722593,0.7333333333333333,33.10296025674284,1.0,29.79813775626911,0.7,5.0,608.6561413847785,36.3175245808385,10.93566468680043,pr
3,0.3436977178322565,0.0859357832927012,0.58,0.21,9.322853634182582,36.77241045814392,81,53,134,0.21,0.2162162162162162,0.14,0.2162162162162162,0.58,0.1568627450980392,0.45,0.196078431372549,27.3843272464317,0.75,24.91753543922592,0.9375,32.009094821359135,1.0,30.36562763541066,0.6666666666666666,0.0,9970.558739130118,11.936042093533857,45.4519068636214,pr
4,0.1869558047220028,0.0413651519854737,0.42,0.13,2.096082640339501,7.851931230139023,29,24,53,0.13,0.1025641025641025,0.05,0.1794871794871795,0.42,0.7586206896551724,0.27,0.0689655172413793,31.67846415618167,0.2727272727272727,26.409054439226992,0.6363636363636364,36.82018755258768,0.6666666666666666,32.61216462879003,0.4166666666666667,0.0,220.16421798197723,5.09455760078782,20.025799984236613,pr
5,0.5519708960195097,0.288988633398109,0.84,0.83,27.933759590903403,51.10852072661486,62,57,119,0.73,0.1612903225806451,0.37,0.1290322580645161,0.97,0.0363636363636363,0.72,0.0363636363636363,28.650049046591825,0.5454545454545454,25.083035563023586,0.4545454545454545,33.34630860547021,0.8461538461538461,30.45340738020796,0.3846153846153846,0.0,2473.3141402183555,50.36274558669359,10.092167719861164,pr
6,0.3742902298379497,0.1223696462940998,0.64,0.35,6.490186899886694,20.48567651202967,43,23,66,0.35,0.125,0.23,0.2083333333333333,0.64,0.0588235294117647,0.47,0.1176470588235294,28.68459826018494,0.5,26.43048541713314,0.75,33.13234021861915,0.7,31.09084328954243,0.3,0.0,724.5061783761217,13.233697570417275,18.92107552170956,pr
7,0.2592935263860365,0.0697868233205818,0.37,0.15,5.528457341169823,21.752849293620724,63,37,100,0.15,1.0,0.14,1.0,0.37,1.0,0.36,1.0,26.752867182310247,1.0,26.546141406537565,1.0,31.142989944301448,1.0,30.98642018002888,1.0,5.0,1322.9724302782722,13.48009167771775,46.87589029997673,pr
8,0.1806736253125564,0.0490498963650814,0.28,0.3957034789158271,4.30053735496215,15.005350002279588,62,36,98,0.08,0.1162790697674418,0.06,0.1395348837209302,0.28,0.1521739130434782,0.25,0.1521739130434782,27.54127378770436,1.0,26.55204617260424,1.0,32.09011634652892,1.0,31.274997560286657,0.5833333333333334,0.0,499.2652175437528,8.492917372554514,10.986759809355805,pr
9,0.0728958783474691,0.0523051433202999,0.2,0.3545337906836679,5.316026393073732,8.122173557642842,49,60,109,0.05,0.3125,0.04,0.3125,0.2,1.0,0.18,1.0,29.49369029553735,1.0,28.731258838674428,1.0,34.41547007063229,1.0,33.864743062506825,0.5714285714285714,5.0,156.1229432913822,12.924894980287988,6.527949707722507,pr
10,0.6433246650482732,0.239303472747886,0.81,0.89,15.671134850387151,47.76016653800806,60,32,92,0.61,0.3484848484848485,0.23,1.0,1.02,1.0,0.82,0.1052631578947368,29.668153135212805,1.0,25.64342478252562,1.0,33.89397051945236,1.0,31.02599871955997,1.0,5.0,16387.393652282735,18.892372325839187,14.122684103798932,pr
11,0.6433246650482732,0.239303472747886,0.81,0.89,15.671134850387151,47.76016653800806,60,32,92,,,,,,,,,,,,,,,,,,16387.393652282735,18.892372325839187,14.122684103798932,
12,0.2892340971992736,0.1380843818645577,0.689071592824416,0.34,11.342269618763211,19.46853404651625,36,55,91,0.34,0.3269230769230769,0.16,0.3269230769230769,0.74,1.0,0.54,0.2278481012658227,31.228126728295106,1.0,27.1973125430152,0.627906976744186,35.14901787379695,1.0,32.38140905155318,0.4318181818181818,5.0,317.2955151549486,20.194347521158896,13.407086164069453,pr
13,0.7857897569532329,0.3416864032515914,0.92,0.97,16.468831780140334,47.99448794531297,54,18,72,0.72,0.1170212765957446,0.46,0.1063829787234042,0.94,0.08,0.75,0.0333333333333333,31.663911027529508,0.9428571428571428,28.462077802464982,0.6285714285714286,38.20796804627787,0.4,35.28414598431138,0.5428571428571428,0.0,16075.466580213077,31.3959409659524,13.79014197648623,pr
14,0.7517934918187492,0.1733276777376697,1.11,0.62,28.39802953296452,116.83622134314852,125,77,202,0.62,0.6474358974358975,0.3,1.0,1.11,1.0,0.91,1.0,38.95162765656873,1.0,35.86316794009508,0.5333333333333333,44.73533979497949,1.0,41.94662139284512,0.7864077669902912,5.0,128851.0263407408,26.08733515675202,63.51097280141306,pr
15,0.4872424921957782,0.1119593062675297,0.78,0.19,10.598586035200244,35.106136808221386,48,58,106,0.19,0.8920863309352518,0.16,1.0,0.78,1.0,0.73,1.0,39.43017741935675,1.0,38.77390439064102,1.0,44.62665714624199,1.0,44.0193306822726,0.9647058823529412,5.0,4639.457591489151,19.7198520192433,25.94823888687233,pr
16,0.3168162299177618,0.0625156155028211,0.56,0.13,6.741707631683978,30.534115083279467,70,58,128,0.13,0.1020408163265306,0.09,0.2244897959183673,0.56,0.2,0.44,0.2,30.6867990429382,1.0,28.8746127625019,1.0,35.06497440093149,1.0,33.20040000217283,0.5,5.0,5344.6651562008,11.3726150702561,44.04068865702655,pr
17,0.6350825269698819,0.2480465541228176,0.8,0.82,10.495081204584103,32.99748099592208,48,14,62,0.44,0.0769230769230769,0.43,0.0769230769230769,0.89,0.0551724137931034,0.88,0.0551724137931034,41.830438290324814,1.0,41.71603352556702,1.0,45.99923568918937,1.0,45.9059370688315,1.0,0.0,3300.512557600607,29.956645309873565,12.578330629211614,pr
18,0.6821034884051361,0.1523283859322335,1.04,0.63,19.183158979296483,87.14920849373401,106,55,161,0.63,0.0533333333333333,0.27,0.16,1.04,1.0,0.8,0.0845070422535211,39.67840795285462,1.0,36.23108700085356,0.4666666666666667,44.03752599116818,1.0,41.17845752047792,0.3611111111111111,0.0,89213.43084622877,16.775731362761764,45.18994243862015,pr
19,0.6433246650482732,0.239303472747886,0.81,0.89,15.671134850387151,47.76016653800806,60,32,92,,,,,,,,,,,,,,,,,,16387.393652282735,18.892372325839187,14.122684103798932,
20,0.4023490151165352,0.1088088606534597,0.74,0.34,10.741838562786386,35.91491875409703,66,49,115,0.34,0.3269230769230769,0.16,0.3269230769230769,0.74,1.0,0.54,0.2278481012658227,31.228126728295106,1.0,27.1973125430152,0.627906976744186,35.14901787379695,1.0,32.38140905155318,0.4318181818181818,5.0,6248.46717332747,21.51758526004738,39.19653412040956,pr
21,0.7782941406388016,0.3081339237951258,0.88,0.89,33.72014271467824,108.89147281576432,126,38,164,0.57,0.1447368421052631,0.52,0.1447368421052631,0.82,0.0467289719626168,0.79,0.0560747663551401,26.968442385631448,0.875,26.38667227956844,0.7916666666666666,33.47384468673913,0.9375,32.92854842682661,1.0,0.0,101602.36225063246,30.05821129669941,33.326328994466294,pr
22,0.6062889768406058,0.1426228606910981,1.09,0.67,25.49913553135658,88.73764882081824,105,100,205,0.67,0.0652173913043478,0.18,0.1956521739130435,1.09,0.5882352941176471,0.82,0.0490196078431372,41.52840502692469,0.7317073170731707,36.66027799682315,0.4878048780487805,46.54009525919426,0.8529411764705882,42.23221584071906,0.7058823529411765,0.0,78103.1989788093,25.15484345840673,29.82355148321617,pr
23,0.6563153280544916,0.1614036294655112,0.99,0.48347236761167,26.002357934853435,109.38561629296753,137,73,210,0.64,0.3669064748201439,0.3,0.3669064748201439,0.99,1.0,0.78,0.1712962962962963,40.99793646675882,1.0,38.11503922749055,1.0,45.33099219899146,1.0,42.75843477950559,1.0,5.0,120280.38684617972,17.00805511655241,68.28561455628427,pr
24,0.3594868180216019,0.1053678016270523,0.69,0.19,8.491178432731342,25.443479007384617,42,49,91,0.19,0.336,0.14,0.336,0.69,1.0,0.61,0.25,39.98149515917867,1.0,38.52585577138221,1.0,45.00997198976151,1.0,43.671395215496574,1.0,5.0,1132.83412908064,22.21788562962137,17.265362859098506,pr
25,0.2111150419055171,0.0549486239875637,0.46,0.12,3.9904468679093545,14.857561011723742,47,36,83,0.12,0.088235294117647,0.08,0.088235294117647,0.46,0.2,0.31,0.16,30.38869701544139,0.4444444444444444,28.256491408491275,0.8888888888888888,34.45898597991784,1.0,32.534450553335475,0.75,0.0,517.0255935980476,7.61229661331449,21.02862502448851,pr
26,0.7047137894329095,0.3120059717969491,0.84,0.9214607759296854,17.440647149429914,37.00695424134548,45,23,68,0.74,0.0956521739130434,0.37,0.1130434782608695,0.98,0.4755244755244755,0.71,0.0629370629370629,33.20471035965662,1.0,29.16334522781017,0.6764705882352942,38.29478728629592,1.0,34.593631404756124,0.8333333333333334,0.0,1432.9258463594588,47.08158450268514,9.188022599758852,pr
27,0.7404984522099193,0.2024128656681131,1.06,0.55,38.04695204844332,123.5347642583813,130,94,224,0.55,0.0476190476190476,0.35,0.0833333333333333,1.06,0.1186440677966101,0.93,0.1186440677966101,41.75707943120863,1.0,39.85378548529467,0.6206896551724138,45.93195168818279,0.85,44.27043498079129,0.8,0.0,122191.1307610335,30.530584873514847,58.102782312255904,pr
28,0.4749224638548593,0.0751741965456024,0.74,0.34,11.153420791634518,72.7749802513946,133,52,185,0.34,0.3269230769230769,0.16,0.3269230769230769,0.74,1.0,0.54,0.2278481012658227,31.228126728295106,1.0,27.1973125430152,0.627906976744186,35.14901787379695,1.0,32.38140905155318,0.4318181818181818,5.0,78936.13195893938,22.060428282720583,50.94405776979733,pr
29,0.7053332588564041,0.2837378167385593,0.81,0.91,29.575132962492425,100.21052318962208,126,37,163,0.65,0.0705882352941176,0.29,0.1058823529411764,0.98,0.5098039215686274,0.8,0.0686274509803921,40.77126809469472,0.7241379310344828,37.82272895754416,0.5517241379310345,44.84518403335442,1.0,42.35171392444182,0.875,0.0,92456.58082824318,38.282566281694656,32.96005929258282,pr
30,0.6065427471076089,0.1454235027930022,0.88,0.48,5.689958846164856,36.52705531448277,56,12,68,0.48,0.1368421052631579,0.44,0.1368421052631579,0.88,0.056338028169014,0.86,0.0915492957746478,41.452172517068746,0.975,40.98700452773646,0.975,45.79034027011913,1.0,45.40958743223986,1.0,0.0,13801.052641448574,17.67499801407038,32.13036204800356,pr
31,0.6602134619169233,0.1765346317213472,0.97,0.54,9.596714134772666,31.306213450852542,37,26,63,0.54,0.08,0.29,0.09,0.97,0.5272727272727272,0.84,0.0454545454545454,39.71889842521061,0.8620689655172413,36.71514921968245,0.8275862068965517,45.51457181748098,0.7586206896551724,42.87701518329831,0.6206896551724138,0.0,2911.799760254077,33.923849090701694,24.513867484058967,pr
32,0.7689269495045863,0.3145339237528971,0.9,0.9,14.611123104781989,39.7523939406649,45,17,62,0.66,0.086021505376344,0.17,0.0967741935483871,1.0,1.0,0.77,0.0188679245283018,39.72980164914251,0.9166666666666666,34.32419598254703,0.4166666666666667,45.58004208410584,0.7142857142857143,40.58030810381175,0.9047619047619048,0.0,3921.571836074684,51.78496180344362,11.059542211104914,pr
33,0.6065427471076089,0.1454235027930022,0.88,0.48,5.689958846164856,36.52705531448277,56,12,68,,,,,,,,,,,,,,,,,,13801.052641448574,17.67499801407038,32.13036204800356,
34,0.7272106929297143,0.2196038369512561,0.99,0.58,37.9711145752925,127.45912283201552,141,83,224,0.58,1.0,0.4,1.0,0.99,1.0,0.89,1.0,38.79915381963888,1.0,37.05111468790349,1.0,44.97171998324897,1.0,43.259678425022095,0.8333333333333334,5.0,130596.94023575872,29.13527977056359,60.31435365101919,pr
35,0.6859356535133345,0.1775188316319716,0.95,0.55,31.45940742194629,124.47054036261422,149,81,230,0.55,0.1058823529411764,0.33,0.1058823529411764,0.95,0.042016806722689,0.82,0.0504201680672268,40.96263222438699,1.0,38.80222876954776,0.6666666666666666,45.58263637246306,0.92,43.6604802208687,0.92,0.0,139449.37248620164,19.48413077697548,64.91164307512395,pr
36,0.666905990997837,0.1878278834778549,0.99,0.53,30.226703460674408,111.79622190650312,145,70,215,0.53,0.238095238095238,0.36,0.3095238095238095,0.99,1.0,0.88,0.1105990783410138,39.52125955861611,1.0,37.56978010434528,1.0,45.029560729511765,1.0,43.288105763964886,0.9714285714285714,5.0,115376.83673838142,22.9936086089162,64.98467236380695,pr
37,0.4076827502593626,0.0920981768553249,0.85,0.3,12.065962642887015,62.872297950117286,134,54,188,0.3,0.6363636363636364,0.11,0.3801652892561983,0.85,1.0,0.59,0.1256830601092896,41.301713955453366,1.0,36.56223931509027,0.948051948051948,45.92733131673052,0.9636363636363636,41.9615022196717,1.0,5.0,56838.128903280085,18.015261371544632,50.7677777274612,pr
38,0.7237725305109043,0.2931213354940883,0.83,0.88,44.82958780685068,127.2591666175881,156,56,212,0.53,0.5290697674418605,0.25,1.0,1.0,1.0,0.84,1.0,37.33885829576094,1.0,34.15726416352578,0.5190839694656488,43.35550998641886,1.0,40.63778641168072,0.8952380952380953,5.0,115082.28570513747,49.7649059416233,30.3885905573047,pr
39,0.7442243630312881,0.201682434146682,0.99,0.49,34.236394603598974,126.38526062805371,138,82,220,0.49,0.064516129032258,0.36,0.043010752688172,0.99,0.064,0.91,0.032,36.500992295091336,0.9583333333333334,34.853023441381275,0.9583333333333334,42.12057987909012,1.0,40.77902388558606,0.8095238095238095,0.0,136634.57211422047,23.962973455878807,64.26600307841991,pr
40,0.666281738848147,0.1911069676352519,0.99,0.56,23.510545745591195,74.97138257594102,86,60,146,0.56,0.102803738317757,0.33,0.102803738317757,0.99,1.0,0.86,0.2083333333333333,40.25567879851808,1.0,37.68305854986852,0.7647058823529411,45.79504214009698,0.8064516129032258,43.42854718242208,0.5483870967741935,0.0,53675.6175932746,30.72181516041945,38.8271348833602,pr
41,0.8049613205117754,0.382374737904379,0.98,0.99,20.20098635456772,40.766046805001366,42,22,64,0.69,0.09,0.22,0.24,1.06,0.717741935483871,0.79,0.0967741935483871,39.83507684275655,0.951219512195122,34.34480795143889,0.7317073170731707,45.440310046288495,0.6097560975609756,40.332601427884505,0.8048780487804879,0.0,1442.3515775067103,74.51951678662786,7.679811742865027,pr
42,0.6370114868295886,0.1530251765944774,1.03,0.59,28.48100861236382,103.30425245606418,124,96,220,0.59,0.055045871559633,0.22,0.1743119266055046,1.03,0.8666666666666667,0.81,0.1466666666666666,40.99219461523145,1.0,36.53661105629789,0.75,46.29695387051012,0.6666666666666666,42.29485129770416,0.9230769230769232,0.0,102859.13090347752,24.692780754645813,57.47229804949657,pr
43,0.6706533142964911,0.1894025829639861,0.84,0.84,30.42817897526968,124.34003857031196,161,60,221,0.66,0.1078431372549019,0.25,0.1274509803921568,1.05,0.5985915492957746,0.77,0.0915492957746478,38.41034331162173,0.95,33.033940636291035,0.65,44.71844878713293,0.8292682926829268,39.58354332928903,0.951219512195122,5.0,141030.98867063547,40.10484672956838,34.47954588816689,pr
44,0.6821248843820539,0.185027394522246,0.88,0.42,26.684396291921544,96.9453116000351,115,66,181,0.42,0.0581395348837209,0.37,0.0465116279069767,0.88,0.0294117647058823,0.85,0.0294117647058823,38.08555456157199,0.7727272727272727,37.451567329725954,0.7727272727272727,43.559362377824925,0.6538461538461539,43.04006231934051,0.6538461538461539,0.0,91659.15897736768,31.712082192996714,43.25327399255782,pr
45,0.740466992506364,0.2974958337651515,1.0,0.83,22.41,80.03430699031557,97,27,124,0.42,0.1030927835051546,0.37,0.1030927835051546,0.88,0.059322033898305,0.86,0.059322033898305,35.853316497492465,0.8918918918918919,35.20825972491965,0.8918918918918919,41.55689876542857,0.5476190476190477,41.034939347361146,0.5476190476190477,0.0,66566.42603014015,30.1029658494064,36.803396552260565,pr
46,0.6501241492625897,0.1462013449006071,1.08,0.69,27.02785285137503,108.16688032159011,129,90,219,0.69,0.2340425531914893,0.22,0.4148936170212766,1.08,1.0,0.81,0.1085714285714285,40.16553734979637,0.9696969696969696,35.49641771239213,1.0,45.233252134704365,1.0,41.48252230228477,0.6984126984126984,6.0,115737.96326868774,24.16109473751636,59.68128427855431,pr
47,0.4188802636951498,0.0623525716351802,0.75,0.21,11.32985460911433,66.47538492643523,121,82,203,0.21,0.8090909090909091,0.09,0.2363636363636363,0.75,1.0,0.54,0.3692307692307692,38.69603779434718,1.0,35.15972955259606,0.9772727272727272,43.36762565211379,1.0,40.36321937263772,0.6984126984126984,5.0,65476.615878166696,16.536253601621187,48.902050789545385,pr
48,0.4854232453754036,0.1718089518962185,1.1,0.68,22.71244898030986,83.10935372534561,155,51,206,0.68,0.0631578947368421,0.23,0.2105263157894736,1.1,0.6567164179104478,0.82,0.044776119402985,41.17850414003085,1.0,35.555361653590545,0.3636363636363636,46.85129701690615,1.0,41.88223914759042,0.2857142857142857,5.0,73030.04470490431,37.52715858693931,41.568348708736565,pr
49,0.3676579373788563,0.0741741060618945,1.0,0.54,7.065156049225153,39.46562651278944,99,29,128,0.54,1.0,0.46,1.0,1.0,1.0,0.95,1.0,38.53356394704167,1.0,37.91653158727499,1.0,43.2678910702251,0.9117647058823528,42.74445701125915,1.0,5.0,20071.768924355834,14.292196087856086,48.11824449848629,pr
50,0.7616858140780648,0.1896013261466702,0.95,0.43,32.508587876694804,135.8530696738332,149,78,227,0.43,0.0303030303030303,0.38,0.0606060606060606,0.95,0.0714285714285714,0.92,0.0535714285714285,38.14838709194428,0.8,37.65211614994953,0.7333333333333333,43.550611665825535,0.631578947368421,43.13446475154614,0.631578947368421,0.0,159288.88662563096,34.113718159256734,66.41888609283637,pr
51,0.5381392427823116,0.0833252019563381,0.84,0.25,16.994237695868396,99.65956571658714,143,95,238,0.25,0.0649350649350649,0.13,0.0389610389610389,0.84,0.1020408163265306,0.68,0.1020408163265306,40.03556944297421,0.4210526315789473,37.19321655974655,1.0,44.8165279216807,0.5714285714285714,42.22391269409687,0.9285714285714286,0.0,120362.49537516848,11.886768154335794,49.41708342240933,pr
52,0.6607138060490146,0.1749111414489729,1.08,0.69,42.36209905615975,148.17156878414363,173,113,286,0.69,0.1592920353982301,0.3,0.3893805309734513,1.08,1.0,0.84,0.1004784688995215,38.03348098540938,1.0,33.681303461364394,0.6708860759493671,44.28250875110301,1.0,40.16098398178925,0.9846153846153848,5.0,163709.4067409356,25.92444227376522,59.2598630237308,pr
53,0.45781896040078,0.0847954457791878,0.72,0.22,21.278134118494823,104.21333803472696,174,118,292,0.22,0.2575757575757575,0.14,0.2575757575757575,0.72,1.0,0.59,0.2565789473684211,39.30001884899734,0.8709677419354839,37.09596782617628,1.0,44.1523923011849,1.0,42.11665930187981,1.0,5.0,121059.96383424551,13.778189701829708,70.70637594588514,pr
54,0.7703229679055661,0.1900857863433616,0.95,0.46,34.011286503778045,148.74336527002248,163,78,241,0.46,0.1208791208791208,0.4,0.0549450549450549,0.95,0.0519480519480519,0.92,0.0389610389610389,38.21259449313828,0.8214285714285714,37.57463363037788,0.8214285714285714,43.73957361958306,1.0,43.19364597466288,1.0,0.0,182089.9767909625,35.15142457435481,66.87885826187352,pr
55,0.5570485565065374,0.1087209073320893,0.78,0.2,25.58286413429903,109.2100052285404,145,130,275,0.2,0.0813953488372093,0.18,0.0813953488372093,0.78,0.1298701298701298,0.76,0.1298701298701298,38.30362112714045,1.0,37.94202028368553,1.0,43.56612945598676,0.5833333333333334,43.240511764184966,0.5833333333333334,0.0,121646.7820773826,13.742733064175123,58.69574314622778,pr
56,0.5952632512372419,0.1815090543088052,0.94,0.67,68.33675406026654,217.33257989716216,291,172,463,0.67,0.0963855421686747,0.32,0.1024096385542168,0.94,0.5875,0.73,0.1125,44.0479226348803,1.0,39.79710890749964,0.8666666666666667,49.49051153607726,1.0,45.58131544185648,0.9767441860465116,0.0,248501.202017012,32.654422270644964,56.03869057510524,pr
57,0.7002550535721184,0.360183401905876,0.87,0.86,118.31398865091607,260.2233138689777,312,139,451,0.81,0.0172413793103448,0.29,0.0402298850574712,0.99,0.8556701030927835,0.66,0.1237113402061855,44.39336985351177,0.8709677419354839,38.611932810660285,0.9032258064516128,49.68636476080665,1.0,44.54460542339972,0.9655172413793104,0.0,230360.1788940164,52.12102777995582,27.934494207895472,pr
58,0.6841377134585294,0.2543288759327533,0.96,0.58,92.41059215737695,225.0481360492529,257,182,439,0.58,0.2515337423312883,0.45,0.2515337423312883,0.96,0.1304347826086956,0.87,0.1304347826086956,42.27881517191486,0.927536231884058,40.76097177875555,0.927536231884058,47.97139653738463,0.9493670886075948,46.536659593987686,1.0,5.0,216177.03561888408,33.17611306788066,52.15236906648152,pr
59,0.4433967073182719,0.0972210495806978,0.81,0.36,19.33795144884371,84.25877369980697,146,93,239,0.36,0.081967213114754,0.15,0.1366120218579235,0.81,1.0,0.56,0.2091836734693877,45.15563952859568,0.88,40.41023111835177,1.0,49.91452977604873,1.0,45.52539826741569,0.9393939393939394,5.0,84975.06957725287,14.641212300352676,46.63274710909102,pr
60,0.6034616871558932,0.2173070612038553,0.94,0.64,86.85587984620801,217.81038237655903,281,200,481,0.64,0.7132352941176471,0.36,1.0,0.94,1.0,0.76,1.0,43.341218831379415,1.0,40.51813847162327,0.9090909090909092,49.03967938468409,1.0,46.37027470123292,0.9090909090909092,5.0,214023.30511151583,27.622795420533343,51.472142228239576,pr
61,0.7068743280868449,0.3851684460695121,0.91,0.96,121.2816849452696,273.1907306464382,336,130,466,0.82,0.1232876712328767,0.31,0.1917808219178082,1.06,0.6590909090909091,0.71,0.1761363636363636,44.044028699265134,0.6923076923076923,38.60239253186371,1.0,49.27802453764389,0.8771929824561403,44.21345126914628,0.631578947368421,0.0,248277.1329235921,55.01780798101563,27.18055641764669,pr
62,0.741935827800244,0.3668820617129881,0.94,1.0,106.79926410973697,263.8651314960404,310,110,420,0.62,0.2155688622754491,0.37,0.2155688622754491,0.95,0.0807017543859649,0.78,0.0807017543859649,44.68991580759903,1.0,42.090551067431726,0.7980769230769231,49.40204500014999,0.9726027397260274,46.97477773210158,0.9726027397260274,5.0,258479.20075119133,56.69296525100451,28.387487659660422,pr
63,0.5676611118311641,0.247305938113576,0.89,0.65,114.97048636644706,235.3824595008229,316,244,560,0.65,0.0714285714285714,0.4,0.096938775510204,0.89,0.0579710144927536,0.73,0.0821256038647343,43.97310183834459,1.0,40.90748759646208,0.88,49.29223047604268,0.7755102040816326,46.3525075202789,0.6938775510204082,0.0,189215.2488017245,49.44346762443399,41.872985450973225,pr
64,0.6875797271768584,0.3772066739303147,0.9,0.83,149.39999999999998,292.9433270408042,351,180,531,0.67,0.2009132420091324,0.53,0.2009132420091324,0.91,0.0917159763313609,0.81,0.0917159763313609,43.64182388244279,0.8111111111111111,42.42835158054407,1.0,48.23429217555213,1.0,47.05698682986579,1.0,5.0,230979.76893547623,59.9859007178784,34.77457672033004,pr
65,0.7073836579124003,0.2461528322039243,1.01,0.6,91.331063124735,238.44184934084765,265,182,447,0.6,0.1551724137931034,0.44,0.1896551724137931,1.01,0.065625,0.89,0.065625,42.86486973517958,0.8295454545454546,40.8664437378398,1.0,48.33850654335262,1.0,46.515645958967056,0.7534246575342466,0.0,244547.095366019,40.522206893931504,53.16122225221835,pr
66,0.71654204580601,0.3370995677611429,0.9,0.96,90.96861105454128,241.8824633538548,295,103,398,0.76,0.0446927374301676,0.29,0.0670391061452514,0.99,0.4260355029585799,0.67,0.0828402366863905,44.65545707791394,0.5789473684210527,39.85548846739915,1.0,48.961028408101534,0.8857142857142857,44.74857009277928,1.0,0.0,249680.11094698947,52.24533786658585,29.63506526299605,pr
67,0.6311084240652366,0.2185289549193556,0.89,0.57,80.08827524556959,215.1759257802571,269,177,446,0.57,0.0933333333333333,0.39,0.08,0.89,0.0437158469945355,0.79,0.087431693989071,42.71441373876922,0.9428571428571428,40.59310318406693,1.0,48.25301930202805,0.6122448979591837,46.25095006428223,0.8163265306122449,0.0,222805.4260991558,32.903946130662234,54.25516161532582,pr
68,0.7451404858706812,0.3789409814801412,0.91,0.88,102.96,245.13788571767816,280,117,397,0.58,0.1023622047244094,0.55,0.1338582677165354,0.91,0.0943396226415094,0.89,0.1069182389937107,44.34489406330192,0.967741935483871,43.99079972136349,0.967741935483871,48.783774776562176,0.5833333333333334,48.47654535579655,0.5277777777777778,0.0,229744.0845377113,53.66042700258418,34.068597072589334,pr
69,0.6176911353243136,0.1619928697075474,1.1,0.79,53.449547602567606,189.528965018054,244,151,395,0.79,0.0342465753424657,0.28,0.0890410958904109,1.1,1.0,0.75,0.1834862385321101,44.25546994987212,0.8611111111111112,38.26737587586361,0.5,49.941312359687416,1.0,44.356800830942746,0.575,0.0,224490.7703748069,29.77694839617649,57.16615438431988,pr
70,0.7546455910708263,0.3930580535689733,0.91,1.0,117.3390233494473,247.82175206865008,279,127,406,0.62,0.1337579617834395,0.51,0.1337579617834395,0.94,0.0760456273764258,0.87,0.0760456273764258,44.73150301707216,0.8448275862068966,43.80936598363888,0.8448275862068966,49.05942487959396,0.6842105263157895,48.25679570598357,0.6842105263157895,5.0,205558.0161743479,48.41304087786758,26.99905664966688,pr
71,0.4613431865145579,0.1271788510602463,1.0,0.57,33.512239570772664,117.3550370605534,228,99,327,0.57,0.1619718309859155,0.24,0.380281690140845,1.0,1.0,0.81,0.1387755102040816,44.53758776703332,1.0,40.817562990960624,0.6702127659574468,49.00040766469475,0.8734177215189873,45.69679894200854,1.0,5.0,121602.15163003652,20.78023595830644,64.61336113783216,pr
72,0.694350661330007,0.2962860621940519,0.89,0.83,96.8961711640309,217.13343494856463,248,155,403,0.62,0.0634920634920634,0.34,0.0555555555555555,0.99,0.0137931034482758,0.82,0.0620689655172413,45.32267626756002,0.8928571428571429,42.2725821032216,0.5357142857142857,49.70088926490784,0.9583333333333334,46.97581001096966,0.8333333333333334,0.0,188358.0875054892,60.83869496818384,35.4258053196372,pr
73,0.6661015407758778,0.153414913277892,0.98,0.55,40.35025396382297,165.4087170243504,199,122,321,0.55,0.0490196078431372,0.26,0.1078431372549019,0.98,0.496,0.82,0.032,44.58036665166706,0.8846153846153846,41.2537107462318,0.6153846153846154,49.374753854292,0.3636363636363636,46.191639503379854,0.8181818181818182,0.0,203549.7812539276,25.17347124584562,63.93628969446669,pr
74,0.4702675873179802,0.0611154207717188,0.76,0.21,19.38705403286888,128.7274951620448,217,128,345,0.21,0.0842105263157894,0.1,0.0736842105263157,0.76,0.1125,0.58,0.125,46.014689574884834,1.0,43.46044963518933,0.6,49.4976390996821,0.3448275862068966,47.08977491826396,1.0,0.0,174139.97450718502,6.023222657001913,76.85843522023968,pr
75,0.7023182602114743,0.250642514509659,0.99,0.63,83.30895375584112,211.6569069155533,241,158,399,0.63,0.0649350649350649,0.46,0.0454545454545454,0.99,0.1029411764705882,0.87,0.0955882352941176,45.45435867025832,0.9696969696969696,43.86550968648186,0.9090909090909092,49.57684623306987,0.9,48.142361153665135,0.9333333333333332,0.0,207809.72360642505,35.431852977630385,53.0697394991504,pr
76,0.4556435557730455,0.160372833199032,0.94,0.86,32.22430085078341,122.91056467923136,248,71,319,0.73,0.1626506024096385,0.23,0.2409638554216867,0.98,1.0,0.74,0.1338582677165354,44.74301144312079,1.0,39.90049974256262,0.5046728971962616,49.39659065840812,0.7272727272727273,45.20846998280889,1.0,5.0,133108.2593086432,30.173023320375897,49.54357044612416,pr
77,0.7008050158794399,0.1864679076737136,1.03,0.53,47.20873159894556,173.01329938488226,207,110,317,0.53,0.0909090909090909,0.39,0.1,1.03,0.054054054054054,0.95,0.054054054054054,42.33975479617827,0.8333333333333334,40.77389134567625,1.0,47.58773805437236,0.7837837837837838,46.10325354465489,1.0,5.0,203587.2798066121,53.59178121804467,60.03609708649108,pr
78,0.7053078231534085,0.294063968906223,0.82,0.93,69.94766906361262,186.6899200034738,232,87,319,0.62,0.6666666666666666,0.31,1.0,0.98,1.0,0.8,1.0,45.006712443901776,1.0,43.0592247258512,0.6258992805755396,48.782732704600384,0.674074074074074,46.84040318076958,1.0,5.0,183803.43256919048,47.25809998025981,30.36238874305936,pr
79,0.6716479438916073,0.247658934371143,0.97,0.58,86.89085714072812,210.907095823323,240,174,414,0.58,0.0733333333333333,0.44,0.06,0.97,0.09,0.87,0.11,46.255875070195344,0.6585365853658537,45.11564704603598,1.0,49.8128914713189,0.7058823529411765,48.78579431807152,0.7352941176470589,0.0,198930.9359316633,28.25371436269328,52.57655392743776,pr
80,0.6298073794885087,0.2155709882821454,0.89,0.53,78.64360484039804,216.99430111093,271,175,446,0.53,0.125,0.39,0.1,0.89,0.0656934306569343,0.79,0.0656934306569343,45.751677362464505,1.0,44.27281645998848,0.8734177215189873,49.8905719466002,1.0,48.60670381658482,0.7719298245614035,5.0,230477.2497496599,32.100453680767025,56.22433146199155,pr
81,0.6683238331176383,0.3138686036955223,0.82,0.86,103.72334322165156,236.97753056682103,295,149,444,0.63,0.072463768115942,0.42,0.0579710144927536,0.94,0.127906976744186,0.82,0.1627906976744186,45.43939212719864,0.7352941176470589,43.55758156177494,0.8823529411764706,49.72045860373873,0.6666666666666666,48.07275790600945,0.7272727272727273,0.0,214740.95018973807,40.147844060810975,28.561943173461668,pr
82,0.6958019838035281,0.3264259515132979,0.87,0.94,94.9259623509992,228.1615244303708,275,128,403,0.67,0.0719424460431654,0.34,0.0863309352517985,0.95,0.0429447852760736,0.74,0.0613496932515337,46.0512240986368,0.625,42.822725574475136,0.84375,50.14535700132886,0.5789473684210527,47.22447936218005,1.0,5.0,214355.57150311588,38.77762019979284,29.38553554232782,pr
83,0.6047204089560593,0.1825509502043658,0.94,0.59,64.39602653283046,192.93169174213256,245,177,422,0.59,0.1314285714285714,0.29,0.2971428571428571,0.94,1.0,0.77,0.2275132275132275,44.63401823048697,0.9186046511627908,41.044592277711615,1.0,49.50466111813122,0.9693877551020408,46.22002845810851,1.0,5.0,209527.28511570333,27.43432545668868,55.42725055321211,pr
84,0.797231634387721,0.3764377555729868,0.97,0.84,110.04,250.1097888074805,263,131,394,0.7,0.1133333333333333,0.32,0.34,1.03,1.0,0.77,0.0919117647058823,46.03020741930972,1.0,42.542082844323645,0.8282828282828283,49.768071141177565,1.0,46.82922362564913,0.8235294117647058,5.0,223681.0197669525,71.58907582892611,38.72588308504157,pr
85,0.6921811154206412,0.3077998568849639,0.86,0.8,95.3667805424761,221.91890798835905,263,141,404,0.63,0.1342281879194631,0.35,0.1140939597315436,0.96,0.5389221556886228,0.78,0.1317365269461078,46.31628685575789,1.0,43.77087635134309,1.0,50.53821183747161,0.8269230769230769,48.20731764136015,1.0,5.0,200690.9193557962,39.04523302822606,39.720627821076405,pr
86,0.7722303615233611,0.367871483740661,0.92,0.85,105.39999999999996,249.62889075920089,276,124,400,0.6,0.0687022900763358,0.4,0.0610687022900763,0.93,1.0,0.82,0.1538461538461538,45.88075436710953,0.75,44.04183388353141,0.6875,50.055041868480245,0.4583333333333333,48.366625660440405,0.3958333333333333,0.0,233860.98669388087,50.82963170207477,39.5421182903822,pr
87,0.7545507721021305,0.3439633779974076,0.94,1.0,106.3877306888189,250.13189368098017,274,142,416,0.71,0.0520231213872832,0.25,0.1271676300578034,1.0,1.0,0.73,0.1098901098901098,45.502303538424805,0.7647058823529411,40.68072188352373,0.8823529411764706,50.23438086544369,1.0,45.63549832060536,0.7101449275362319,5.0,232935.60016797925,44.23645766861742,28.45438056766521,pr
88,0.6584548162207611,0.2119588908416414,1.05,0.65,70.78703401822732,194.93250003327,228,170,398,0.65,0.0367647058823529,0.35,0.0735294117647058,1.05,0.099009900990099,0.84,0.1188118811881188,45.83378798977756,0.8055555555555556,42.56507566092452,0.6666666666666666,50.17369539740766,0.5925925925925926,47.37539254370589,1.0,0.0,201634.08727155044,26.45587943903337,53.806230574128655,pr
89,0.4942643129914973,0.08320402758084,0.73,0.27,22.485719177650186,129.63666348055816,220,107,327,0.27,0.0699300699300699,0.16,0.0909090909090909,0.73,0.1206896551724138,0.58,0.0775862068965517,45.42070945093576,1.0,43.02138740358777,0.5789473684210527,49.48525154703787,0.6666666666666666,47.287336318310246,0.6,0.0,169669.81797415417,8.19372428608954,76.45582251568753,pr
90,0.5388672448840459,0.1615561207415379,0.83,0.52,50.40839327971217,163.167932635195,237,149,386,0.52,0.1428571428571428,0.27,0.1726190476190476,0.83,1.0,0.68,0.1666666666666666,45.59356044498991,0.8,42.612756387679134,1.0,50.11400751079516,1.0,47.40661623867882,0.7627118644067796,5.0,179081.48531468047,22.018614707041383,59.50829893863838,pr
91,0.4320841822843347,0.0675863069388081,0.56,0.18,23.17357661948425,129.7334598316009,252,134,386,0.18,0.0849056603773584,0.15,0.0849056603773584,0.56,0.0721649484536082,0.52,0.0721649484536082,44.33000948714561,0.5517241379310345,43.45559352279253,0.8620689655172413,48.48945153201161,0.5151515151515151,47.70265246192648,0.5757575757575758,0.0,168220.81297587845,6.454065169178494,76.38704385844294,pr
92,0.6787678114380361,0.300832774934574,0.8,0.88,86.4597387462837,219.7847595012892,280,111,391,0.65,0.1241830065359477,0.35,0.1111111111111111,0.93,0.9699248120300752,0.76,0.150375939849624,46.34504954523136,0.9069767441860463,43.68923139126305,1.0,50.56304681729235,1.0,48.1251430523081,0.8723404255319149,0.0,215446.1294013633,46.112771929803344,29.842861541891068,pr
93,0.5341605931235842,0.1407846410883489,1.03,0.66,48.49319520915456,175.819814194024,262,157,419,0.66,0.109090909090909,0.21,0.2848484848484848,1.03,1.0,0.73,0.1023255813953488,45.47721201296892,0.9333333333333332,39.73985630104056,1.0,50.59671507748957,1.0,45.27387147553036,0.9242424242424242,0.0,208239.42609129776,27.284825413363794,60.56178903273599,pr
94,0.5659307284132825,0.1527094292442594,0.83,0.52,50.79425822561275,188.0361282586724,274,148,422,0.52,0.1428571428571428,0.27,0.1726190476190476,0.83,1.0,0.68,0.1666666666666666,45.59356044498991,0.8,42.612756387679134,1.0,50.11400751079516,1.0,47.40661623867882,0.7627118644067796,5.0,228106.855001781,20.58645073857509,62.95652522076863,pr
95,0.6339708859638934,0.1755904494418576,1.13,0.6951214108472148,63.10301992869062,188.9816823828761,227,174,401,0.76,0.0476190476190476,0.29,0.0793650793650793,1.13,0.6375,0.81,0.0875,46.34108337257921,0.935483870967742,41.595520732549,1.0,50.97767195595271,0.9411764705882352,46.387245647273566,1.0,0.0,203629.39095168863,27.41981058930848,54.50290256811902,pr
96,0.6056126483387718,0.1422001181400088,0.97,0.63,46.3145031972803,185.9486853557184,245,146,391,0.63,0.075187969924812,0.25,0.2180451127819548,0.97,1.0,0.74,0.1032258064516129,45.91479041564666,1.0,41.65901446073424,0.6521739130434783,50.30178813381366,1.0,46.4758077337587,0.9361702127659576,0.0,233267.81618316376,23.70583225515247,62.104659318599225,pr
97,0.6640655656808161,0.2151151813657028,0.85,0.46,64.26829457576689,190.23773000566464,230,140,370,0.46,0.0534351145038167,0.45,0.0534351145038167,0.85,0.0465116279069767,0.84,0.063953488372093,42.373609202578535,0.8888888888888888,42.23688591611922,0.8888888888888888,47.96501520220824,0.7317073170731707,47.83697906853964,0.7317073170731707,0.0,204276.36867058044,24.620772561791807,60.17102891481301,pr
98,0.6070438837280535,0.1594628127345319,1.0,0.69,50.915580471536416,183.47665512240047,241,145,386,0.69,0.3229166666666667,0.28,1.0,1.0,1.0,0.74,0.196551724137931,47.274329059733866,0.7969924812030075,44.09640158565127,1.0,50.65626540784978,1.0,47.83250099544035,1.0,5.0,219218.12307256347,17.701507350873786,60.24211785659677,pr
99,0.4526503613353649,0.0774261191570477,0.64,0.18,28.77983944606993,144.98575784552793,250,172,422,0.18,0.6792452830188679,0.14,1.0,0.64,1.0,0.58,0.2461538461538461,44.848129292144776,0.981651376146789,43.540037587206655,0.981651376146789,49.78262131959637,1.0,48.66642582988298,1.0,5.0,188012.87234119384,9.199778245215892,71.64871081846519,pr
100,0.5376412121817313,0.2000329999833577,0.96,0.97,51.35655859811466,186.6634559572828,320,79,399,0.64,0.0857142857142857,0.44,0.0642857142857142,0.99,0.0542168674698795,0.87,0.0783132530120482,45.4865912362932,0.8974358974358975,43.5278951155294,0.8461538461538461,50.11205660032295,0.8823529411764706,48.44575571526958,0.9705882352941176,0.0,224940.00787097728,32.41638871822342,34.67570553668313,pr
101,0.7015496761484737,0.3283078185119946,0.93,0.82,97.39852650861526,240.243011507204,291,122,413,0.57,0.1513157894736842,0.32,0.2105263157894736,0.94,1.0,0.81,0.1330935251798561,46.16825893340884,1.0,43.64939624706908,0.8936170212765957,50.46353618657314,0.9466666666666668,48.26196099630756,0.9466666666666668,5.0,232868.3438487499,47.37764797989538,44.07816590053962,pr
102,0.7342564529549205,0.3549581923251107,0.87,0.93,99.89856778928532,230.7720130986593,270,116,386,0.68,0.1052631578947368,0.38,0.1184210526315789,0.96,1.0,0.77,0.1202185792349726,44.19618814927609,1.0,41.36850737527873,0.8367346938775511,49.00762151242129,1.0,46.32336642679351,0.8867924528301887,5.0,207045.3760908761,48.69952484809504,28.216708002013966,pr
103,0.7082918735197213,0.3271332733870431,0.86,0.85,93.70875840809028,223.56774709731243,265,123,388,0.55,0.1939393939393939,0.41,0.1939393939393939,0.91,0.0622837370242214,0.82,0.0622837370242214,43.00655965698828,0.7857142857142857,41.32665694701755,1.0,48.45733201802731,0.9066666666666666,46.84943273711901,0.9066666666666666,5.0,205938.54299292687,51.48953700342723,28.956060456200102,pr
104,0.6497024629464225,0.2080350227893095,0.9,0.55,71.13046527445016,206.4975483319868,255,153,408,0.55,0.0466666666666666,0.41,0.0466666666666666,0.9,0.1074380165289256,0.8,0.0826446280991735,44.02810347781389,0.7586206896551724,42.41216147346292,0.5517241379310345,48.70266966311929,0.84,47.25263228460785,0.64,0.0,222579.663877986,30.56470313082789,57.81257204451583,pr
105,0.7871515272403923,0.3819701784316969,0.96,0.87,113.08484904853908,249.96606145931608,264,132,396,0.53,0.1148648648648648,0.51,0.1148648648648648,0.9,0.051660516605166,0.89,0.051660516605166,44.84936850873088,0.9344262295081968,44.73612269275303,0.9344262295081968,48.99346233341428,0.8367346938775511,48.89362075277042,0.8367346938775511,0.0,217228.53080929225,67.39270535203613,36.90629005931459,pr
106,0.7322556855409061,0.3684740299429696,0.88,0.95,110.94641341787964,240.67331980394624,278,126,404,0.77,0.0546875,0.24,0.0703125,1.01,0.34,0.71,0.08,47.470554692266106,0.9333333333333332,43.29594143393884,0.9666666666666668,50.85526996093007,0.5185185185185185,47.270650755944274,0.4074074074074074,0.0,201409.8938290825,51.85385202017184,27.05023809622435,pr
107,0.7043799848298735,0.3552248727198748,0.83,0.98,106.14190452840106,249.572148338747,306,120,426,0.75,0.1363636363636363,0.28,0.3051948051948052,1.06,1.0,0.78,0.1245551601423487,46.2521786567748,0.8674698795180723,41.80635514398065,0.7710843373493976,50.89861997711454,1.0,46.57529286044791,0.83,5.0,232622.6640588569,41.610966707496274,29.1187007836746,pr
108,0.5222852580800968,0.1507128862193619,0.83,0.52,46.19363130839359,157.52252701160586,236,147,383,0.52,0.1428571428571428,0.27,0.1726190476190476,0.83,1.0,0.68,0.1666666666666666,45.59356044498991,0.8,42.612756387679134,1.0,50.11400751079516,1.0,47.40661623867882,0.7627118644067796,5.0,176568.0869097406,20.646484165294822,60.48090049382407,pr
109,0.4081183550595391,0.0720033079293595,0.53,0.17,24.51221566199549,128.09938642736887,252,145,397,0.17,0.1160714285714285,0.16,0.1160714285714285,0.53,0.1123595505617977,0.52,0.1123595505617977,44.68322757174831,0.59375,44.47910953936378,0.8125,48.62695896869519,0.4736842105263157,48.42934957737137,0.4736842105263157,0.0,162295.64773700392,7.04595191431313,75.03948087577102,pr
110,0.7471737046024494,0.3239342721209656,0.98,0.83,83.87693875280354,218.50656095904705,255,108,363,0.67,0.1111111111111111,0.34,0.2549019607843137,0.97,1.0,0.74,0.150197628458498,44.39597067883694,1.0,41.02597870338035,0.9558823529411764,49.218240662881165,0.9125,46.01583810721561,1.0,5.0,214682.8659920809,50.43681068113833,46.219072201673846,pr
111,0.7315498715652232,0.3655645635855221,0.94,0.85,111.48424856374538,270.0689708924853,315,132,447,0.73,0.08,0.24,0.0933333333333333,1.01,1.0,0.72,0.0793650793650793,47.40023844226568,0.6578947368421053,42.77895175979891,0.868421052631579,51.26807823702788,0.75,47.27185502668964,0.78125,0.0,265600.94808034087,51.47562923185656,41.434275197050816,pr
112,0.7849076934621261,0.347307085029332,1.0,0.83,101.26,265.2602131085663,290,122,412,0.68,0.1363636363636363,0.26,0.1287878787878787,0.98,1.0,0.74,0.2068965517241379,46.31283289651919,1.0,41.96390517399893,0.82,50.782417538264696,0.7288135593220338,46.81433069824679,1.0,5.0,270574.082660102,41.635809177156105,48.53530748128552,pr
113,0.6810224099358518,0.3615341903285859,0.82,1.0,109.91530969379046,228.50496277580748,284,124,408,0.65,0.0503597122302158,0.32,0.1079136690647482,0.95,0.0618556701030927,0.75,0.0515463917525773,44.9319091122398,0.875,40.97560444943925,1.0,49.77174806970195,0.8378378378378378,46.36472034081476,0.8108108108108109,0.0,184652.2426248853,52.43196240839724,26.579389663299096,pr
114,0.4893940274709112,0.1325137548861596,0.88,0.49,37.80511221902468,151.378853109648,287,87,374,0.49,0.0869565217391304,0.41,0.0507246376811594,0.88,0.0842105263157894,0.83,0.0947368421052631,42.71692148206655,1.0,41.71035988919871,1.0,48.43239333686435,0.5483870967741935,47.51990834068623,0.5161290322580645,0.0,181102.8610905406,23.81592308835765,67.9361077409644,pr
115,0.4739036504880015,0.0862951126329146,0.76,0.27,33.116564280529005,150.1358367782492,246,178,424,0.27,0.056338028169014,0.13,0.0492957746478873,0.76,1.0,0.6,0.0987654320987654,45.43037018546831,1.0,41.94797473227886,0.8333333333333334,50.05216315391823,0.5517241379310345,47.01099332276675,0.5862068965517241,0.0,189087.2657525825,9.645029407763392,68.40263397500554,pr
116,0.4208874449580874,0.2214184718065377,0.83,0.52,417.9547325628106,635.6323918220336,921,1265,2186,0.52,0.1428571428571428,0.27,0.1726190476190476,0.83,1.0,0.68,0.1666666666666666,45.59356044498991,0.8,42.612756387679134,1.0,50.11400751079516,1.0,47.40661623867882,0.7627118644067796,5.0,383888.38971291867,73.69569280865306,20.9115934580408,pr
117,0.6273654179656428,0.525061692611921,0.92,0.94,854.132699575042,1074.0194046605686,1270,947,2217,0.82,0.1763085399449036,0.51,0.1570247933884297,0.95,0.0631868131868131,0.68,0.0934065934065934,45.97406895839139,0.911504424778761,39.22391768850672,0.8230088495575221,53.58982724870609,0.7021276595744681,47.188815364598,0.7588652482269503,0.0,358251.1568915299,97.88261083973774,8.638484712749179,pr
118,0.4217504887537877,0.221132461222876,0.83,0.52,412.4238850064435,631.5711825810707,912,1253,2165,0.52,0.1428571428571428,0.27,0.1726190476190476,0.83,1.0,0.68,0.1666666666666666,45.59356044498991,0.8,42.612756387679134,1.0,50.11400751079516,1.0,47.40661623867882,0.7627118644067796,5.0,390261.3280646331,66.16827267287141,21.958996924469737,pr
119,0.4144374647079422,0.227336872419934,0.83,0.52,478.2795124424041,681.2305413656874,986,1435,2421,0.52,0.1428571428571428,0.27,0.1726190476190476,0.83,1.0,0.68,0.1666666666666666,45.59356044498991,0.8,42.612756387679134,1.0,50.11400751079516,1.0,47.40661623867882,0.7627118644067796,5.0,355278.9393741382,94.53011538477386,15.258228315251989,pr
120,0.6723160876565314,0.5015875259083675,0.95,0.8,877.5999999999999,1142.7174771724287,1221,1097,2318,0.77,0.0621915103652517,0.54,0.0819348469891411,0.92,0.0565326633165829,0.72,0.1092964824120603,45.54279639962891,0.8877005347593583,41.2667377120564,0.9251336898395722,52.47777827731433,1.0,48.45074186171517,0.8142857142857143,0.0,475518.0609996717,91.80271892724096,16.871524189791632,pr
121,0.5116221817126962,0.1819016284787784,0.75,0.59,63.99460619623642,184.01458877748348,304,133,437,0.59,0.0423509075194468,0.42,0.0596369922212618,0.75,0.1400264200792602,0.59,0.1268163804491413,44.57116060031695,0.8727272727272727,39.65948613669048,1.0,52.244072114535655,1.0,47.555601425175865,0.8983050847457628,0.0,194248.66573648373,24.93185658046505,54.94588241610154,pr
122,0.5731608813187461,0.1418933002798967,0.83,0.52,44.53363856733293,172.31094528853865,249,130,379,0.52,0.1428571428571428,0.27,0.1726190476190476,0.83,1.0,0.68,0.1666666666666666,45.59356044498991,0.8,42.612756387679134,1.0,50.11400751079516,1.0,47.40661623867882,0.7627118644067796,5.0,210087.22834426185,20.331201841788555,64.05898961637536,pr
123,0.4280758892814063,0.0660633772406248,0.59,0.16,24.610638418366,137.9176725461081,252,161,413,0.16,0.0522875816993464,0.13,0.0457516339869281,0.59,0.1379310344827586,0.55,0.1551724137931034,44.44812328333264,0.7777777777777778,43.324643393547255,0.7407407407407407,49.50162642203258,0.8461538461538461,48.53830001273624,0.8461538461538461,0.0,181909.32105567044,8.865912737922972,74.18162084066854,pr
124,0.5935289476555445,0.1305608307156005,0.83,0.52,30.44551356933705,153.0067250590038,222,91,313,0.52,0.1428571428571428,0.27,0.1726190476190476,0.83,1.0,0.68,0.1666666666666666,45.59356044498991,0.8,42.612756387679134,1.0,50.11400751079516,1.0,47.40661623867882,0.7627118644067796,5.0,199196.0641059401,16.1357576811219,68.66694595157011,pr
125,0.4960302461472383,0.3658309834403654,0.89,0.77,628.5753383149432,817.8348143777507,1148,1016,2164,0.77,0.1246587807097361,0.55,0.1146496815286624,0.89,0.0966719492868462,0.7,0.1196513470681458,45.60520886586636,0.8987854251012146,41.358500347555534,1.0,52.62885071071195,1.0,48.4554356600494,0.8547297297297297,0.0,317194.71557047794,89.60518394013235,17.462941154654732,pr
126,0.4157947678263208,0.2222493156170382,0.83,0.52,500.4796249277324,744.5071866324977,1075,1515,2590,0.52,0.1428571428571428,0.27,0.1726190476190476,0.83,1.0,0.68,0.1666666666666666,45.59356044498991,0.8,42.612756387679134,1.0,50.11400751079516,1.0,47.40661623867882,0.7627118644067796,5.0,438489.50733382045,75.36047809953395,20.41586188596593,pr
127,0.3430615828318003,0.0475449810662211,0.46,0.24,11.232501241879389,99.61764170445282,271,49,320,0.24,1.0,0.2,1.0,0.46,1.0,0.37,0.9699021820917983,43.52674955164646,1.0,41.09070376017471,0.9,51.49775686843069,0.979890310786106,49.33137299274868,1.0,5.0,133394.0132112591,4.76730985758188,54.65956287176857,pr
128,0.3953285829835573,0.2300385300656259,0.83,0.52,548.9346141562647,754.1366511877764,1092,1663,2755,0.52,0.1428571428571428,0.27,0.1726190476190476,0.83,1.0,0.68,0.1666666666666666,45.59356044498991,0.8,42.612756387679134,1.0,50.11400751079516,1.0,47.40661623867882,0.7627118644067796,5.0,360927.0750107552,72.96427518277243,19.230024011917,pr
129,0.2303642655541446,0.041876423396928,0.53,0.3,14.3775759008383,96.16750044144382,378,68,446,0.3,1.0,0.16,0.213840830449827,0.53,0.2829554995801847,0.26,0.4567590260285474,48.99437636426703,1.0,42.75577562452114,0.9748743718592964,54.09548769388067,1.0,48.31161961722212,0.8444976076555024,5.0,120469.93240392332,6.026826848833565,52.66481832209598,pr
130,0.4397206814188676,0.3110227513652079,0.98,0.9,548.2597638112976,755.1765404711775,1217,1021,2238,0.9,0.0935875216637781,0.46,0.0589254766031195,0.98,0.0533159947984395,0.6,0.0650195058517555,47.375815539804094,1.0,38.67259483699105,0.5932203389830508,54.60224987080535,0.7874015748031497,46.23696974098252,0.5354330708661418,0.0,360490.8915698198,83.01988603545453,19.94049363661972,pr
131,0.3858738014781038,0.2318811926067555,0.83,0.52,673.725600562345,868.082653389441,1254,2040,3294,0.52,0.1428571428571428,0.27,0.1726190476190476,0.83,1.0,0.68,0.1666666666666666,45.59356044498991,0.8,42.612756387679134,1.0,50.11400751079516,1.0,47.40661623867882,0.7627118644067796,5.0,340073.13949575595,70.55888188163418,18.182321293459328,pr
132,0.346003250783725,0.2756458884435568,0.7981210314999512,0.52,17.163697907738328,12.232935864541435,18,48,66,0.52,0.1428571428571428,0.27,0.1726190476190476,0.83,1.0,0.68,0.1666666666666666,45.59356044498991,0.8,42.612756387679134,1.0,50.11400751079516,1.0,47.40661623867882,0.7627118644067796,5.0,-2.383381938325118,62.31121941214825,5.467235173390852,pr
133,0.4196416075263241,0.2215661368375437,0.83,0.52,434.9706697754506,658.0367139235889,949,1320,2269,0.52,0.1428571428571428,0.27,0.1726190476190476,0.83,1.0,0.68,0.1666666666666666,45.59356044498991,0.8,42.612756387679134,1.0,50.11400751079516,1.0,47.40661623867882,0.7627118644067796,5.0,397257.9596415492,73.0700720184138,20.963240026084904,pr
134,0.4427849085180805,0.3027326311762199,0.97,0.88,534.4420467485163,755.6276981068015,1198,1036,2234,0.88,0.0480167014613778,0.44,0.0668058455114822,0.97,0.0381991814461118,0.61,0.0654843110504774,48.31879908334625,0.8721804511278195,39.9514948382466,0.7593984962406015,54.71621788262136,0.9609375,46.92838723098628,0.640625,0.0,393525.5402960669,61.468883082223726,23.60956324346268,pr
135,0.4189127067844604,0.2185591735903212,0.83,0.52,424.5198085332626,663.2457898214784,961,1279,2240,0.52,0.1428571428571428,0.27,0.1726190476190476,0.83,1.0,0.68,0.1666666666666666,45.59356044498991,0.8,42.612756387679134,1.0,50.11400751079516,1.0,47.40661623867882,0.7627118644067796,5.0,429740.8356362072,53.42505273929861,23.51032597184171,pr
136,0.3328062533148009,0.0476688767006036,0.52,0.28,10.34845408424266,94.38319951109422,266,48,314,0.28,1.0,0.16,1.0,0.52,1.0,0.31,0.4454887218045112,46.29891602274966,1.0,40.401477314844605,1.0,52.96701975219697,1.0,47.47017112758454,1.0,5.0,124534.30853076976,5.5175234377304525,54.23563811760087,pr
137,0.0516458734804486,0.037532079877772,0.4015991777650314,0.2660659687093,6.475391024221908,11.3943071277723,140,54,194,0.09,0.3537234042553192,0.08,0.3537234042553192,0.06,0.9051094890510948,0.06,0.9051094890510948,6.360562344340818,1.0,6.120321153117243,0.7831325301204819,9.168197318321504,1.0,8.886395401143165,1.0,0.0,198.3783220710077,8.508715732325367,23.14153640842289,pr
138,0.0654460797777915,0.0081189665809366,0.3715738079667771,0.0639235608787863,0.1461413984568603,1.3129687133254675,15,3,18,0.04,0.1063829787234042,0.03,0.1063829787234042,0.06,0.8970588235294118,0.05,0.8970588235294118,3.735379144903213,0.3958333333333333,3.465627696288868,0.3958333333333333,7.605940903457425,0.8421052631578947,7.284224551565103,0.8421052631578947,5.0,123.33654629737212,1.5558379189937208,28.243604994595668,pr
139,0.0556767739701553,0.0418539470335912,0.4015991777650314,0.15,11.03265393308977,23.92425172551682,330,83,413,0.15,0.1884816753926701,0.06,0.2460732984293193,0.14,0.7862068965517242,0.05,0.6137931034482759,7.065542731190171,0.8846153846153846,4.736712078197121,0.6923076923076923,9.732793615825418,0.4842105263157895,7.209766399569356,0.9894736842105264,0.0,739.872948423836,5.50259892355134,24.0970001529606,pr
140,0.0774780313706739,0.0026928339919504,0.3715738079667771,0.0639235608787863,0.0875305029964783,3.234060532152185,37,3,40,0.05,0.08,0.04,0.0888888888888888,0.06,0.7625,0.05,0.775,4.818910816161809,0.8666666666666667,4.2147868774966994,0.8666666666666667,8.182033406153638,1.0,7.568193924318732,0.9056603773584906,0.0,162.93060058311417,1.0361401302712998,29.847947089717024,pr
141,0.3337660008063626,0.3058067466022375,1.1794004744806292,0.7590432001441516,286.66732052316354,364.2983377860591,809,541,1350,0.73,0.0784313725490196,0.68,0.0862745098039215,0.79,0.1673003802281368,0.74,0.1977186311787072,5.845476059738033,0.9611650485436892,5.522107816576018,0.9611650485436892,8.484281730454047,0.75,8.15687960071704,1.0,0.0,94111.35616440808,79.84215626184721,20.777923685655367,pr
142,0.0590404749426918,0.0269865297605827,0.4015991777650314,0.1281987522724977,3.4855138113498723,11.554374823195968,155,32,187,0.12,0.2808988764044944,0.09,0.2808988764044944,0.08,1.0,0.06,0.8448753462603878,7.795086231813447,0.8936170212765957,6.927126639744024,0.8936170212765957,11.21731277915254,0.7416666666666667,10.057493850690404,0.7166666666666667,0.0,325.06969772520193,3.634790628742541,34.248731263837456,pr
143,0.0547592327845297,0.030468324558358,0.4015991777650314,0.11,4.075224093090538,11.166388201570951,151,39,190,0.11,0.2482993197278911,0.08,0.272108843537415,0.08,0.9475982532751092,0.06,1.0,6.637902685706854,1.0,5.926783099191526,0.9367088607594936,9.42764808400043,0.8769230769230769,8.59465960892789,1.0,0.0,278.7480212827795,2.963078512654949,32.562802815527164,pr
144,0.0921039235244275,0.0057108712780209,0.3715738079667771,0.0285543563901049,0.0285543563901049,0.5054993767305482,4,1,5,0.05,0.059880239520958,0.02,0.0838323353293413,0.08,0.4769230769230769,0.03,1.0,5.059921211984555,0.7105263157894737,2.9701165915122374,0.6578947368421053,9.043718303318231,0.972972972972973,6.718039529714437,0.945945945945946,0.0,109.53890040680886,0.5561895280258389,29.116791022565813,pr
145,0.0390696119619481,0.0236822884974831,0.2591457501196414,0.1,0.999219219190811,2.3773166322993844,35,13,48,0.1,0.1120331950207468,0.05,0.2448132780082987,0.07,0.7203389830508474,0.03,1.0,6.892382273664891,0.7666666666666667,5.295946137454687,0.6222222222222222,9.7121584421795,0.8674698795180723,7.958058183428807,0.891566265060241,0.0,127.56194826217148,3.633976458718628,20.965621158284595,pr
146,0.0566716830939695,0.0351397210188712,0.4015991777650314,0.13,3.734642798526,9.041000600480364,117,31,148,0.13,0.3173431734317343,0.07,0.3487084870848708,0.1,0.707983193277311,0.05,1.0,6.697254633376914,1.0,5.287314074276822,0.6791808873720137,9.65836709444402,1.0,8.123076688097074,0.9866220735785952,0.0,210.9586321984229,3.3195377867449154,30.809476788411992,pr
147,0.0568873811451352,0.0245740953004082,0.4015991777650314,0.1,1.243231485722642,4.4109821779397445,52,16,68,0.1,0.080338266384778,0.06,0.1501057082452431,0.08,0.8009708737864077,0.04,0.9660194174757282,7.994114345837469,0.8714285714285714,6.408901163807956,1.0,11.791780575437755,0.7098765432098766,9.677766544322443,0.925925925925926,0.0,163.355013844342,4.428207433841614,24.236757449328227,pr
148,0.0536723176996803,0.0477267362944034,0.29,0.1688460210598935,24.567718688223657,49.79480586828234,686,195,881,0.13,0.2467532467532467,0.12,0.2467532467532467,0.12,0.9221556886227544,0.11,0.7604790419161677,6.099045042872858,0.9215686274509804,5.840019477733011,0.8235294117647058,9.036375114690683,0.8333333333333334,8.751708121682496,0.8333333333333334,0.0,6927.726860187375,9.797060091142813,26.31072685079632,pr
149,0.0897738156069695,0.004522578541029,0.3715738079667771,0.0639235608787863,0.0639235608787863,2.379098964889612,25,1,26,0.05,0.0634146341463414,0.05,0.0658536585365853,0.05,0.7043478260869566,0.05,0.8,5.507309175043886,0.9104477611940298,5.364330871408299,0.9104477611940298,8.7321354839696,0.9438202247191012,8.571525413630447,0.9438202247191012,0.0,146.30350808021657,1.0329817679302478,29.985828206255192,pr
150,0.5198102011649758,0.4379250851128834,1.16,0.8240946259989701,263.19833970411344,373.38026418689833,528,361,889,0.73,0.0774111675126903,0.71,0.0774111675126903,0.77,0.1724137931034483,0.75,0.1724137931034483,5.695352854825861,0.9696969696969696,5.568967772108673,0.9696969696969696,8.474018391160568,1.0,8.338700172454706,0.7898089171974523,0.0,157975.40459334594,78.8668814775343,25.59831861970037,pr
151,0.0506030329663591,0.0331225679691793,0.4015991777650314,0.11,2.0785831663559766,5.304382297781652,72,21,93,0.11,0.0965665236051502,0.09,0.1072961373390558,0.08,0.8516483516483516,0.06,1.0,6.268648711324194,0.7959183673469388,5.554691242474012,0.8775510204081632,9.51391639784135,0.8045112781954887,8.632075979686228,0.6015037593984962,0.0,164.51598262851354,3.950921112115486,21.49971210020248,pr
152,0.308564609173607,0.2753992506544968,0.55,0.5065601451374041,178.31607130795948,252.36924210014348,593,378,971,0.48,0.0732394366197183,0.4,0.0915492957746478,0.55,0.2432432432432432,0.48,0.2432432432432432,6.066110169128912,0.8796992481203008,5.455577455656057,0.6917293233082706,8.776535883761172,0.7529411764705882,8.139916615190193,1.0,0.0,86898.43257391623,57.1104738500151,21.69353212834415,pr
153,0.0461971421148548,0.0296154388884813,0.32,0.2660659687093,3.0001340732505577,6.062322837171658,83,30,113,0.09,0.2044198895027624,0.05,0.1933701657458563,0.08,0.680672268907563,0.04,1.0,6.609878122793353,0.8064516129032258,5.302510193374482,0.6021505376344086,9.80490290353158,0.8068181818181818,8.304231716906207,0.8863636363636364,0.0,161.24377527842196,4.5718610357341225,23.53487878319697,pr
154,0.3081300737332017,0.2748252825616345,0.55,0.5065601451374041,220.2587931961572,308.28404831233684,724,467,1191,0.48,0.0732394366197183,0.4,0.0915492957746478,0.55,0.2432432432432432,0.48,0.2432432432432432,6.066110169128912,0.8796992481203008,5.455577455656057,0.6917293233082706,8.776535883761172,0.7529411764705882,8.139916615190193,1.0,0.0,122912.17255077284,65.7071313758639,21.18690650071315,pr
155,0.0520871461649202,0.0379632005179338,0.4,0.15,5.439303036831191,12.431168507034233,182,42,224,0.15,0.2652329749103942,0.1,0.2634408602150537,0.11,1.0,0.08,0.8090692124105012,8.048142199897345,0.956,6.7817977299908,1.0,11.648223475757243,0.7770491803278688,9.955987125176511,1.0,0.0,266.8701637302624,6.268033057293245,27.48967635233965,pr
156,0.099451891033659,0.0622154504060837,0.35,0.1746203415799146,20.81576919198117,41.70416543690041,269,212,481,0.1,0.2304964539007092,0.08,0.2304964539007092,0.1,0.6729857819905213,0.08,0.6729857819905213,6.209561874336749,0.873015873015873,5.712677791944535,1.0,9.340901134664533,1.0,8.758518687219945,1.0,0.0,3127.1625350366385,19.58764486447024,27.62323292360405,pr
157,0.0675231551469914,0.0804075973476759,0.31,0.2382268626434099,76.17462386791198,115.28886873390223,1204,459,1663,0.17,0.1424657534246575,0.14,0.1424657534246575,0.18,1.0,0.16,0.5773809523809523,6.302412311093375,1.0,5.793012525755168,1.0,9.551552321303708,1.0,8.925375717510994,1.0,0.0,33115.5195682452,14.612250999019263,22.023189238704035,pr
158,0.0508409278919073,0.0327951175551179,0.4015991777650314,0.2466261239870791,4.232446039775697,8.876916742661336,121,38,159,0.08,0.2147001934235976,0.08,0.2147001934235976,0.07,1.0,0.07,1.0,6.0285534786837,1.0,5.96331577028558,1.0,8.940280209994635,0.8210526315789474,8.869615903250137,0.8210526315789474,0.0,192.8894140577128,3.625729888595777,26.82233087179417,pr
159,0.0474640273649279,0.0133817408434231,0.3715738079667771,0.1221655450297897,0.4569638733272292,1.9315694731915,28,8,36,0.04,0.0679012345679012,0.03,0.037037037037037,0.07,1.0,0.04,0.5892857142857143,4.389529811598641,0.5517241379310345,3.5070854016150967,0.7241379310344828,8.261379310722464,0.7878787878787878,7.33069521440645,1.0,0.0,129.49211199728538,1.989716043741868,25.224535244079,pr
160,0.174254064807944,0.1478608814938242,0.55,0.3899845144835073,92.99293828186669,139.71200081560053,570,374,944,0.28,0.2414965986394557,0.22,0.2993197278911564,0.27,0.4827586206896552,0.2,0.8160919540229885,6.421308885217155,0.6377952755905512,5.6162641235697786,0.6377952755905512,9.647919838420336,1.0,8.685808758080874,1.0,0.0,43648.80720421081,32.12183543685251,31.41951712746957,pr
161,0.3074768866184856,0.2765587292522789,0.55,0.5065601451374041,179.7675479334123,247.4233223892479,583,380,963,0.48,0.0732394366197183,0.4,0.0915492957746478,0.55,0.2432432432432432,0.48,0.2432432432432432,6.066110169128912,0.8796992481203008,5.455577455656057,0.6917293233082706,8.776535883761172,0.7529411764705882,8.139916615190193,1.0,0.0,75258.13279268009,50.29508903416298,21.156338787941543,pr
162,0.1155273875866619,0.1020685535870291,0.36,0.3021165622744344,64.95019715257182,106.28848422952063,664,377,1041,0.18,0.147982062780269,0.15,0.1973094170403587,0.18,0.75,0.15,1.0,6.220383474635991,0.9814814814814816,5.622613441881781,1.0,9.269425412949367,1.0,8.570550845311683,0.5543478260869565,0.0,37469.62803091901,26.180124124802774,30.36031507581507,pr
163,0.3045797683293571,0.2723715193835518,0.55,0.5065601451374041,243.705168607137,325.07400837644184,761,517,1278,0.48,0.0732394366197183,0.4,0.0915492957746478,0.55,0.2432432432432432,0.48,0.2432432432432432,6.066110169128912,0.8796992481203008,5.455577455656057,0.6917293233082706,8.776535883761172,0.7529411764705882,8.139916615190193,1.0,0.0,107174.45276897104,61.82052708396327,20.06326661939029,pr
164,0.2996014387002061,0.2684435501868135,0.55,0.4818241202382815,101.75333046749022,137.63395423848135,324,223,547,0.48,0.0732394366197183,0.4,0.0915492957746478,0.55,0.2432432432432432,0.48,0.2432432432432432,6.066110169128912,0.8796992481203008,5.455577455656057,0.6917293233082706,8.776535883761172,0.7529411764705882,8.139916615190193,1.0,0.0,16529.208680256645,44.15880177859313,20.00041397271477,pr
165,0.0570313489970621,0.0222711671340139,0.34,0.1718973039264885,2.057458396166042,7.123674143890878,92,22,114,0.09,0.1390134529147982,0.07,0.1614349775784753,0.06,0.6434782608695652,0.04,0.991304347826087,6.500361172937618,0.943661971830986,5.902448904300671,0.7183098591549296,9.248531710749983,0.8,8.519125191842363,1.0,0.0,201.91743610287529,2.7207700591392388,33.94120486998008,pr
166,0.1150198808174912,0.1051790591402648,0.47,0.3203905285602085,59.12512930394374,92.52707000500368,548,341,889,0.22,0.3468950749464668,0.21,0.3468950749464668,0.22,0.4252427184466019,0.22,0.4252427184466019,7.443968065278013,1.0,7.378758408424084,1.0,11.139281206189464,1.0,11.045088203267456,1.0,0.0,21996.75160110709,19.69868345675409,20.68398064397051,pr
167,0.0504641450806393,0.0392918758776338,0.23,0.1528086549124326,12.979276925119354,27.963678827185767,407,112,519,0.12,0.2865384615384615,0.1,0.2865384615384615,0.12,1.0,0.1,1.0,7.406712328575782,1.0,6.844734580423815,0.810320781032078,11.127415621072922,1.0,10.40664600686507,1.0,5.0,1122.3039986297383,6.682428495968888,21.12429010422313,pr
168,0.0930773647296482,0.1039284045759741,0.43,0.3021165622744344,94.3180699515928,137.7788518858691,1096,436,1532,0.22,0.2857142857142857,0.19,0.2857142857142857,0.21,0.7314814814814815,0.18,0.7314814814814815,6.211095623662347,0.9585798816568049,5.740878740982343,0.9585798816568049,8.82296828259434,1.0,8.306768859683629,1.0,0.0,40745.21415751531,22.89042200928364,21.87780005480717,pr
169,0.474976746838096,0.4132205225393968,1.01,0.7910739191073956,330.18395890937666,480.79274611774775,746,479,1225,0.69,0.0673194614443084,0.68,0.0673194614443084,0.7,0.1464019851116625,0.69,0.1464019851116625,5.945092395632632,0.8453038674033149,5.880655690529806,0.8453038674033149,8.769754046283548,0.9838709677419356,8.696238566250457,0.9838709677419356,0.0,251168.208176217,55.60194051908659,28.446988564424363,pr
170,0.5198102011649758,0.4379250851128834,1.16,0.8240946259989701,263.19833970411344,373.38026418689833,528,361,889,,,,,,,,,,,,,,,,,,157975.40459334594,78.8668814775343,25.59831861970037,
171,0.0647737059550573,0.0178155099374158,0.3143393599291006,0.1,1.1824193078847918,5.920620875234722,74,14,88,0.1,0.2018348623853211,0.08,0.1559633027522936,0.06,0.5053763440860215,0.04,0.5268817204301075,6.483162315625734,0.6756756756756757,5.644662710078987,0.7297297297297297,9.536976882965536,1.0,8.567749191224165,1.0,0.0,194.76403134699848,3.4019517420429968,25.98864396120808,pr
172,0.0573856725308309,0.0200437851723723,0.39,0.11,1.827230591095557,6.806249858334875,92,20,112,0.11,0.2172413793103448,0.07,0.3241379310344827,0.07,0.9150943396226416,0.03,1.0,6.715008441422133,1.0,5.491033117868457,0.8702290076335878,9.427516332064087,0.8473282442748091,8.052293285221651,1.0,0.0,199.5803853447863,3.0637859971479955,36.74625220508435,pr
173,0.122232350475819,0.1041123708434967,0.55,0.3134796238244489,67.94571103594619,117.62875272952154,691,401,1092,0.2,0.3333333333333333,0.18,0.3333333333333333,0.21,0.5535714285714286,0.19,0.5535714285714286,5.963080254235192,0.9333333333333332,5.738479079060691,0.9333333333333332,8.74081678179639,1.0,8.496176617290491,1.0,0.0,53489.24731480997,38.72208953977496,37.81352031870245,pr
174,0.3027342498447791,0.2738453516888054,0.55,0.5065601451374041,295.155918931633,386.5375795101703,901,628,1529,0.48,0.0732394366197183,0.4,0.0915492957746478,0.55,0.2432432432432432,0.48,0.2432432432432432,6.066110169128912,0.8796992481203008,5.455577455656057,0.6917293233082706,8.776535883761172,0.7529411764705882,8.139916615190193,1.0,0.0,122750.80665189216,52.690425748471945,19.915828630422897,pr
175,0.0465662462871561,0.0303121424555887,0.3061741677235259,0.22,3.2234111008585367,6.322676151752376,89,31,120,0.08,0.171875,0.07,0.2125,0.06,0.9263803680981596,0.05,0.9325153374233128,6.239631283964402,0.8738738738738738,5.872367306413605,0.7837837837837838,9.122706018969469,0.8222222222222222,8.693184674318282,0.9481481481481482,0.0,161.98530101787674,3.8994444838057705,25.37769077338663,pr
176,0.0645360704871251,0.0150126534631773,0.3715738079667771,0.1221655450297897,0.1221655450297897,0.6076048653498751,8,1,9,0.05,0.053030303030303,0.02,0.0909090909090909,0.07,0.6578947368421053,0.03,0.8157894736842105,4.1008667435983055,0.7272727272727273,2.840145469720565,1.0,8.531267510902422,0.6428571428571429,6.745232309426793,1.0,5.0,109.70878640640171,2.333170748816114,26.543072066351552,pr
177,0.0533645699147939,0.0357206793147621,0.2591457501196414,0.13,2.810512997509533,7.701709686728683,113,25,138,0.13,0.1746031746031746,0.09,0.1825396825396825,0.11,0.6292134831460674,0.08,1.0,6.047892008816536,0.6949152542372882,5.274480960686925,0.3728813559322034,9.016419126284404,0.9583333333333334,8.186022335969884,0.7708333333333334,0.0,197.8239337843832,7.323046391205286,29.20288982899762,pr
178,0.0528258171507346,0.0089642842429684,0.237657116194806,0.0657817575457776,0.0856587905338472,0.7033014866475591,8,3,11,0.03,0.15,0.02,0.1,0.04,0.9090909090909092,0.02,1.0,3.9797653336701777,1.0,3.3684094623112704,0.625,8.13859392749416,0.75,7.326937008968125,1.0,0.0,112.35285392227424,1.2327736623571028,26.22797962861353,pr
179,0.4902838726867481,0.4331943347175472,1.36,0.766995270385779,396.1356816226476,542.3553169835125,801,559,1360,0.71,0.3263052208835341,0.68,0.3263052208835341,0.75,0.2889095992544268,0.72,0.2889095992544268,5.903357826635358,1.0,5.724510578745648,1.0,8.84838632525048,1.0,8.660249283966035,1.0,5.0,236013.19074257635,77.10076614960734,25.892543601032354,pr
180,0.3083874008242587,0.2752433891520822,0.55,0.5065601451374041,177.3560713079595,250.6848029763793,589,376,965,0.48,0.0732394366197183,0.4,0.0915492957746478,0.55,0.2432432432432432,0.48,0.2432432432432432,6.066110169128912,0.8796992481203008,5.455577455656057,0.6917293233082706,8.776535883761172,0.7529411764705882,8.139916615190193,1.0,0.0,87273.61179629438,56.60066017391833,21.76085372599003,pr
181,0.0600692787799124,0.0194105991224159,0.31,0.2126861673631093,1.212997228868728,4.54542051981104,55,14,69,0.09,1.0,0.05,1.0,0.07,1.0,0.04,1.0,6.725514408866396,1.0,5.214295731599784,0.5804480651731161,9.695724720141046,0.6,8.044542094500395,1.0,3.0,166.64846581884615,2.9492359427271992,21.97792360070773,pr
182,0.0610112470972404,0.0392755000338731,0.3715738079667771,0.16,3.2823634982718826,7.692607522898106,95,24,119,0.16,0.1627906976744186,0.07,0.3527131782945736,0.1,0.912280701754386,0.04,0.6783625730994152,7.094969370263746,0.7708333333333334,5.123710682031508,0.8020833333333334,9.588684334935152,0.7788461538461539,7.496069838214871,1.0,0.0,188.20488049252447,5.814129056440507,29.54198344703825,pr
183,0.0424143232898032,0.0191270787143162,0.3715738079667771,0.2502599923253602,2.3071217307563803,6.342207977594567,95,35,130,0.04,0.0196078431372549,0.03,0.0457516339869281,0.07,1.0,0.06,1.0,3.537178971574649,0.4166666666666667,3.2305367585096807,0.4166666666666667,7.292654617242689,0.696969696969697,6.959362898552649,0.6666666666666666,0.0,180.70172493676367,4.030332547766024,29.73542280949148,pr
184,0.30726575145167,0.2760894889891042,0.55,0.5065601451374041,178.30946465239117,246.0077482408748,580,377,957,0.48,0.0732394366197183,0.4,0.0915492957746478,0.55,0.2432432432432432,0.48,0.2432432432432432,6.066110169128912,0.8796992481203008,5.455577455656057,0.6917293233082706,8.776535883761172,0.7529411764705882,8.139916615190193,1.0,0.0,73275.75743231375,49.45837335050926,21.217123697868605,pr
185,0.0479836922792971,0.0240806048827134,0.36,0.2,1.8088034029249696,4.943995741763072,62,23,85,0.08,0.0966183574879227,0.05,0.0966183574879227,0.06,0.5526315789473685,0.03,1.0,6.174762159017158,0.7619047619047619,4.9734984646904365,0.8095238095238095,8.997628439721407,0.703125,7.703830908406647,1.0,0.0,162.7038467767619,2.690485330563822,21.007063934582657,pr
186,0.0457854634448139,0.0308196255285019,0.32,0.11,2.7715773753689503,5.916200778178923,76,31,107,0.11,0.1469816272965879,0.04,0.2650918635170604,0.1,0.8826086956521739,0.04,0.9521739130434784,7.0290074346382525,0.9398496240601504,4.784086417879579,0.9398496240601504,10.09986416008941,0.5460122699386503,7.499267880136834,0.98159509202454,0.0,162.89246805619945,6.573307363826262,29.08851315470668,pr
187,0.0433102140133582,0.0317237422367926,0.3061741677235259,0.13,3.779864552517768,6.697208902975148,106,33,139,0.13,0.3542600896860987,0.06,0.4349775784753363,0.09,0.6496674057649667,0.04,1.0,7.203359541497571,1.0,5.235544664021097,0.6277372262773723,10.191365857162904,0.672077922077922,7.850803793590129,1.0,0.0,158.3468870091477,5.265573082263424,26.685726580507914,pr
188,0.3020865347794808,0.2752354844815319,0.55,0.5133529445694233,286.15350186474865,388.9449118840552,916,608,1524,0.48,0.0732394366197183,0.4,0.0915492957746478,0.55,0.2432432432432432,0.48,0.2432432432432432,6.066110169128912,0.8796992481203008,5.455577455656057,0.6917293233082706,8.776535883761172,0.7529411764705882,8.139916615190193,1.0,0.0,150961.41626454954,57.63646127831996,20.10027113685067,pr
189,0.1125442799218,0.1033881493085747,0.36,0.3035400218066763,125.2828726908902,194.7425563977437,1279,675,1954,0.19,0.2762886597938144,0.14,0.3381443298969072,0.17,0.834920634920635,0.13,1.0,7.782862447761655,1.0,6.8385545996416734,0.969811320754717,10.993178122852138,0.8490566037735849,9.833138965355628,0.8490566037735849,0.0,92799.36770070432,31.29503407662068,28.689871596126544,pr
190,0.0524976679636432,0.043232614739146,0.4015991777650314,0.15,7.882761062076468,15.354152101318352,224,57,281,0.15,0.4244741873804971,0.08,0.5258126195028681,0.12,1.0,0.07,0.9710743801652892,6.661717782731556,1.0,4.974090444014847,0.8653198653198653,9.310690096181578,1.0,7.552444732914783,1.0,4.0,292.62806622660213,5.786300115104126,23.6348515834874,pr
191,0.1343067650154006,0.1623864669590199,0.6305004891253488,0.4060615972884134,154.6579124297233,212.59011962315384,1238,427,1665,0.37,0.1794871794871795,0.3,0.1324786324786324,0.25,1.0,0.22,0.8205128205128205,6.235539646667931,0.8518518518518519,5.672278739041703,0.8518518518518519,9.363260251362863,0.7155963302752294,8.69490414439373,1.0,0.0,69164.6703924392,29.64240368310297,21.77439306784296,pr
192,0.3088032350049797,0.2750420498880463,0.55,0.5065601451374041,224.85092829397823,313.9755523592359,736,477,1213,0.48,0.0732394366197183,0.4,0.0915492957746478,0.55,0.2432432432432432,0.48,0.2432432432432432,6.066110169128912,0.8796992481203008,5.455577455656057,0.6917293233082706,8.776535883761172,0.7529411764705882,8.139916615190193,1.0,0.0,124938.54599748884,66.19348282634954,21.1113238485718,pr
193,0.0575438971135093,0.0273071600304346,0.3436336947611964,0.15,1.5361899211590002,4.022061728094779,53,13,66,0.15,0.498876404494382,0.06,1.0,0.1,1.0,0.03,1.0,7.267139041838479,1.0,4.891486446392538,1.0,10.34367282841542,1.0,7.63243944598292,0.7431192660550459,2.0,149.71743613871556,4.53816114445381,22.28880425949676,pr
194,0.0319207809220724,0.0215210058967679,0.3715738079667771,0.1441386265120046,2.658958036285247,5.915983964233919,103,44,147,0.03,1.0,0.03,1.0,0.07,0.8135593220338984,0.07,0.8135593220338984,3.617130364745649,0.6288659793814433,3.433424752961068,0.6288659793814433,7.72444437187205,1.0,7.518901846119858,1.0,5.0,165.14051855897338,4.081600145751785,29.04977007681349,pr
195,0.2528594939842324,0.2369310480030454,0.55,0.5059467623182993,188.28255994731364,249.5759948513817,729,437,1166,0.48,0.0732394366197183,0.4,0.0915492957746478,0.55,0.2432432432432432,0.48,0.2432432432432432,6.066110169128912,0.8796992481203008,5.455577455656057,0.6917293233082706,8.776535883761172,0.7529411764705882,8.139916615190193,1.0,0.0,73749.39166460435,45.443701052807526,19.85481095380476,pr
196,0.0755379893126683,0.0700992935899082,0.49,0.2500836447564708,61.61947163765591,95.04446453577911,899,481,1380,0.15,0.3102564102564102,0.13,0.3102564102564102,0.15,1.0,0.12,1.0,6.624443151077208,0.9475982532751092,6.14786095997772,0.9475982532751092,9.359982172543177,1.0,8.78001116453118,1.0,0.0,21101.869481212103,22.240908180801988,21.57610911500632,pr
197,0.3059602952122005,0.2729847952179513,0.55,0.5065601451374041,177.9145639039599,251.23853574974453,589,376,965,0.48,0.0732394366197183,0.4,0.0915492957746478,0.55,0.2432432432432432,0.48,0.2432432432432432,6.066110169128912,0.8796992481203008,5.455577455656057,0.6917293233082706,8.776535883761172,0.7529411764705882,8.139916615190193,1.0,0.0,93673.9757702636,45.16502378502225,22.93159389237288,pr
198,0.0539993249267253,0.0274370975825291,0.33,0.210077511357636,3.139753094901531,8.175541390734898,102,31,133,0.09,0.1178343949044586,0.06,0.1273885350318471,0.07,0.6846153846153846,0.04,0.9153846153846154,6.5686759921882825,0.7571428571428571,5.523568769653089,0.9142857142857144,9.612606927347407,0.968421052631579,8.37993071850518,1.0,0.0,200.7157659166673,3.0044286401011027,29.6440201114823,pr
199,0.0565269830156298,0.0210587852205541,0.34,0.2060561180959083,2.744140330038702,9.139641386139502,122,30,152,0.09,0.1382978723404255,0.04,0.1542553191489361,0.07,0.6213592233009708,0.03,0.9902912621359224,6.901372935296656,0.796875,4.924808768334302,0.890625,10.114357113804164,0.8243243243243243,7.77215881224568,0.6756756756756757,0.0,255.1452533782197,9.13446910381822,32.12286742151372,pr
200,0.3085628172637155,0.2712138843258544,0.55,0.4818241202382815,100.6562806111589,142.5523592462634,334,213,547,0.48,0.0732394366197183,0.4,0.0915492957746478,0.55,0.2432432432432432,0.48,0.2432432432432432,6.066110169128912,0.8796992481203008,5.455577455656057,0.6917293233082706,8.776535883761172,0.7529411764705882,8.139916615190193,1.0,0.0,30239.762143222728,44.368242258881146,23.41397728381449,pr
201,0.0609481714438272,0.0217118951475247,0.38,0.2285147679805785,1.6208611282536411,5.921825732773493,77,15,92,0.09,0.204225352112676,0.06,0.2922535211267605,0.06,0.8865979381443299,0.04,1.0,7.879607454891225,1.0,6.79886040531993,0.7864583333333334,11.708472986349832,0.9285714285714286,10.25291679340406,0.9285714285714286,0.0,186.019292090397,3.433885531173475,22.76162109479276,pr
202,0.0528050397756219,0.0326376373830161,0.3715738079667771,0.1274505740456768,10.392335565207592,26.695295686373044,365,107,472,0.11,0.0149253731343283,0.04,0.0149253731343283,0.11,0.4666666666666667,0.08,0.6666666666666666,3.478715071558545,0.3076923076923077,2.61184396297758,0.3846153846153846,7.721682367274365,0.8181818181818182,6.716974147279212,0.8181818181818182,0.0,1433.4691506858733,6.843330629969578,41.92326496110041,pr
203,0.0657123373980075,0.0801649363147255,0.31,0.2382268626434099,69.3260013307709,107.07445645557748,1203,397,1600,0.18,0.185,0.13,0.215,0.18,1.0,0.14,0.9206349206349206,6.634816706513367,1.0,5.757707995168439,0.8607594936708861,9.73482812928052,0.5943396226415094,8.6314352591244,1.0,0.0,29952.50760458656,14.922265586578352,22.21264984665317,pr
204,0.0477180494859949,0.0173774581434638,0.2,0.1,1.2064136343236471,4.408045742979044,62,19,81,0.1,0.2123015873015873,0.06,0.2619047619047619,0.08,0.7896174863387978,0.05,0.855191256830601,6.658966866161574,1.0,5.238529946942652,0.9678899082568808,9.587616926060113,0.6314199395770392,8.049794190411394,1.0,0.0,164.0326421731079,2.2336651967539365,23.215807786790204,pr
205,0.3083094807368375,0.2727899753144191,0.55,0.5065601451374041,228.4150440537537,321.375239896083,754,483,1237,0.48,0.0732394366197183,0.4,0.0915492957746478,0.55,0.2432432432432432,0.48,0.2432432432432432,6.066110169128912,0.8796992481203008,5.455577455656057,0.6917293233082706,8.776535883761172,0.7529411764705882,8.139916615190193,1.0,0.0,131460.32033827723,62.718651337547136,21.885255883781102,pr
206,0.0521451056365825,0.0458299870620412,0.4,0.180634864146401,4.949918071464244,12.673425505145053,197,39,236,0.13,0.1893939393939394,0.13,0.2537878787878788,0.11,1.0,0.11,0.9787234042553192,6.25636724293869,0.813953488372093,6.195045029322947,0.813953488372093,9.031419823670358,0.6574074074074074,8.959685188608763,0.6574074074074074,0.0,305.00909973740016,4.534310128149001,24.054363734247964,pr
207,0.0484474738019788,0.0107242691111763,0.3715738079667771,0.1221655450297897,0.3497428173691322,1.967077208620624,29,7,36,0.06,0.078125,0.03,0.053125,0.07,0.6237623762376238,0.04,0.9405940594059404,5.848918584507931,0.851063829787234,4.48818630568544,0.8936170212765957,9.231404683434072,0.7230769230769231,7.8073162170315875,0.9230769230769232,0.0,132.34668782502982,1.944513292425034,26.1484749241258,pr
208,0.077254343288081,0.0237749936943461,0.36,0.1,2.295376412187596,9.728708889133715,102,26,128,0.1,0.4828897338403042,0.08,0.4828897338403042,0.06,1.0,0.05,1.0,6.301467696612593,1.0,5.839220198524205,1.0,9.500248940319365,1.0,8.959963232271976,1.0,0.0,296.037415038511,6.1538815545135845,36.75085742979883,pr
209,0.0494267220887492,0.0172702153354952,0.237657116194806,0.150013611273605,0.6968846207757549,2.473089661841797,37,9,46,0.09,0.1769911504424778,0.03,0.2964601769911504,0.07,0.7543859649122807,0.03,1.0,8.06519126592014,1.0,6.004329580604998,0.7401574803149606,12.243534177252153,1.0,9.433863228698538,0.8347107438016529,0.0,135.5241008213208,4.10821341523056,22.333234746960727,pr
210,0.4387184860174215,0.387920377362529,1.24,0.7717193502729668,434.4892134089068,575.5430623709769,949,674,1623,0.69,0.0520710059171597,0.62,0.0615384615384615,0.73,0.1197771587743732,0.67,0.1476323119777158,6.069817426759807,0.9396551724137931,5.609313323217645,0.7413793103448276,9.071207998546544,0.7678571428571429,8.568824886256676,1.0,0.0,228101.01819050708,74.65452021381846,24.70845300495284,pr
211,0.0570952278655665,0.0293641061893455,0.39,0.22317756599367,2.732365838536913,7.143154029228519,96,22,118,0.08,0.2218181818181818,0.08,0.2218181818181818,0.06,0.9567307692307692,0.06,1.0,5.927042157313047,1.0,5.862875475320119,1.0,8.976520605226927,1.0,8.90171858431977,1.0,0.0,188.21576381383213,6.433247007440325,30.44338464071556,pr
212,0.0349704768976294,0.0297149458202607,0.237657116194806,0.1221655450297897,4.007474248725464,7.279530911373146,118,52,170,0.0,0.0,0.0,0.0,0.0,0.0,0.0,0.0,0.0,0.0,0.0,0.0,0.0,0.0,0.0,0.0,0.0,165.4411332529537,4.652221021589548,23.26763021930383,pr
213,0.0455186243218094,0.0384089662652221,0.35,0.12,5.907648145299207,11.140253558620236,131,64,195,0.12,0.3165266106442577,0.07,0.3529411764705882,0.07,0.9366391184573004,0.04,1.0,6.770784619778397,1.0,5.46948119508824,0.6127819548872181,9.78607215879784,0.8080357142857143,8.285871569712478,1.0,0.0,204.6521082664204,6.589252489624399,24.13695802620196,pr
214,0.0582677803217475,0.0198385463720382,0.36,0.11,1.8094061607721272,6.877305609521976,89,21,110,0.11,0.150375939849624,0.06,0.1428571428571428,0.08,0.7926829268292683,0.03,1.0,7.036872045498875,0.981132075471698,5.380947220007371,0.4150943396226415,10.064470427045284,0.6825396825396826,8.10759934007584,0.7936507936507936,0.0,201.3579889749969,3.035059284731103,36.66579353448389,pr
215,0.0566283305863622,0.0293676282398804,0.4015991777650314,0.1168401237639873,3.013153041920688,9.001972667553021,108,32,140,0.1,0.2608695652173913,0.1,0.2608695652173913,0.07,1.0,0.07,1.0,6.1143920746174265,0.8311688311688312,6.055400675173725,0.8311688311688312,8.476451537427213,0.7558139534883721,8.415593107002273,0.7558139534883721,0.0,239.50130256906056,4.611001221092877,33.82322132843356,pr
216,0.0557345644442679,0.0689557354507336,0.32,0.2423067603586189,70.88604525028845,115.17562654586725,1605,403,2008,0.18,0.0992779783393501,0.15,0.1859205776173285,0.16,1.0,0.13,0.6764705882352942,7.749744601557695,0.9949238578680204,7.042914593287166,1.0,11.190955182618344,0.9329268292682928,10.310074209863652,0.9939024390243902,0.0,43725.331882883285,16.253523787458764,23.91318076401781,pr
217,0.0469899466399512,0.0279787490381694,0.3,0.11,3.2321525810192555,7.461658001927115,101,35,136,0.11,0.421917808219178,0.06,0.5589041095890411,0.08,0.6854460093896714,0.04,1.0,7.075005934414307,1.0,5.433470891158828,0.4932885906040268,9.89050970146106,1.0,7.881565977455095,1.0,0.0,184.5901084181572,5.04992782610041,30.798314362766245,pr
218,0.0612456017647686,0.0195811987328391,0.32,0.12,1.1295980023936711,4.941495488784256,61,13,74,0.12,0.1704918032786885,0.05,0.2262295081967213,0.09,0.4409090909090909,0.01,0.65,7.026238343147301,0.7777777777777778,4.442111827238555,0.7373737373737373,9.838778430004576,0.5639097744360902,7.108436288178524,0.9172932330827068,0.0,176.23794972781167,2.139703510086062,25.14173062696307,pr
219,0.1029564437337808,0.0639028799010523,0.33,0.2018677152085408,16.21903878684322,35.15359316555265,219,165,384,0.1,0.2016806722689075,0.1,0.2016806722689075,0.11,0.4521739130434782,0.11,0.4521739130434782,5.985570435368261,0.7816091954022989,5.867425939908375,0.7816091954022989,8.503992930386731,0.8518518518518519,8.376825289926474,1.0,0.0,2018.76444474122,14.118204888533995,29.66324544473432,pr
220,0.0565844443147894,0.0105785981508482,0.3090494534289745,0.1221655450297897,0.2001248710129342,1.2977542227221648,18,3,21,0.03,0.1694915254237288,0.02,0.1694915254237288,0.04,0.7272727272727273,0.03,0.7272727272727273,4.714556558129388,0.625,4.069728566702588,0.625,9.260480560938433,0.7857142857142857,8.549576397699175,0.6428571428571429,0.0,121.95258703418465,2.081377294294371,26.409967568397,pr
221,0.0404013195798515,0.0310061943782417,0.34,0.11,3.1316805184039,6.240657228906605,74,41,115,0.11,0.2626050420168067,0.04,0.4915966386554621,0.08,0.5144230769230769,0.03,1.0,7.286423367696624,1.0,5.048868398927842,0.5913978494623656,10.21637522834348,0.5717761557177615,7.677204061729715,1.0,4.0,162.17953421005402,5.312596362767985,26.29982859642409,pr
222,0.049179851277031,0.0277556865872226,0.38,0.1,4.462021734507635,10.840513650851346,139,53,192,0.1,0.1724137931034483,0.07,0.2126436781609195,0.07,1.0,0.05,1.0,6.070030818555255,1.0,5.337900832498043,0.7586206896551724,9.014432456699486,1.0,8.187137938788018,0.9111111111111112,0.0,251.80705476308853,4.409320462091587,31.778298849801665,pr
223,0.0540617271798738,0.0646985671721463,0.32,0.2285147679805785,69.4375607741652,108.6222144439014,1561,398,1959,0.18,0.0752864157119476,0.14,0.132569558101473,0.15,0.8954545454545455,0.13,0.6318181818181818,7.677690241705726,0.9808917197452228,6.967055730131548,0.8535031847133758,11.190179379141624,0.7247191011235955,10.241884987288314,0.904494382022472,0.0,33240.275751906694,10.30136209360284,23.77582279699508,pr
224,0.3055598655301429,0.2732253571534789,0.55,0.5065601451374041,234.20755722793623,313.65773133491115,734,497,1231,0.48,0.0732394366197183,0.4,0.0915492957746478,0.55,0.2432432432432432,0.48,0.2432432432432432,6.066110169128912,0.8796992481203008,5.455577455656057,0.6917293233082706,8.776535883761172,0.7529411764705882,8.139916615190193,1.0,0.0,103250.75576874024,58.95883667211916,20.369260091952643,pr
225,0.056900654942056,0.0742847010976874,0.31,0.2372682624662605,95.64221896770408,133.10707309360868,1743,547,2290,0.18,0.0564263322884012,0.14,0.1191222570532915,0.17,1.0,0.14,0.5565217391304348,7.642918854789299,0.8313253012048193,6.79466180301575,0.7469879518072289,11.540083971792248,0.9014084507042254,10.444039674121887,0.8873239436619719,0.0,28792.18938279373,19.122673439848707,20.177537561636885,pr
226,0.0557643517661899,0.0184353933872184,0.36,0.2126861673631093,1.5836902460627436,6.284508394668594,86,20,106,0.07,0.1198156682027649,0.06,0.1566820276497695,0.06,0.7102803738317757,0.05,0.7289719626168224,6.255003194683047,0.6619718309859155,5.62708981278022,0.7183098591549296,9.187125447634475,0.8947368421052632,8.428947108603987,1.0,0.0,194.0163629721168,2.570707229973961,33.89792627184804,pr
227,0.0507688944492803,0.0429997531193746,0.38,0.1679666586182666,12.1015921755857,27.20197488374335,439,81,520,0.16,0.2922794117647059,0.12,0.5128676470588235,0.11,1.0,0.09,1.0,7.596867043292611,1.0,6.886792698010915,0.8842592592592593,11.02474630267525,1.0,10.102452463455831,1.0,0.0,1130.9468464761524,11.57466949156226,20.76755674443305,pr
228,0.0525140994499251,0.0125524352713356,0.3715738079667771,0.1221655450297897,0.1376808871172215,0.7019291834732525,10,2,12,0.07,0.2275862068965517,0.02,1.0,0.08,0.8787878787878788,0.03,1.0,7.144241805989996,0.8181818181818182,4.674272511132839,1.0,10.903971308566645,0.6056910569105691,8.20467762160698,1.0,5.0,111.2849659271206,2.298574261156084,26.16577116751982,pr
229,0.1034024975950151,0.0974908956299041,0.31,0.3021165622744344,62.184289667112026,105.2740380834637,747,353,1100,0.18,0.0989473684210526,0.13,0.1368421052631579,0.19,1.0,0.15,0.3474178403755869,6.326343258070495,0.8740740740740741,5.358627194085991,0.7185185185185186,9.40658799918748,1.0,8.236092034274618,0.8248587570621468,0.0,41496.69298085499,16.600638003002103,21.4270715797612,pr
230,0.0576671920948709,0.0228134998099999,0.29,0.13,1.769354138743924,5.716447823932157,73,19,92,0.13,0.326984126984127,0.04,1.0,0.08,1.0,0.03,0.930327868852459,6.967966740214863,1.0,4.621248421010077,1.0,10.118540469879523,1.0,7.357009379240138,0.7677725118483413,0.0,178.94187370376463,2.475599824559393,23.33291160582801,pr
231,0.0548647380146738,0.0300381763244752,0.37,0.2382268626434099,5.545943101047326,13.370017762917652,178,48,226,0.09,0.1328671328671328,0.08,0.1328671328671328,0.06,0.8556149732620321,0.06,0.8556149732620321,5.9124002488516405,0.8,5.84722768060423,0.8,8.883960154029465,0.7293233082706767,8.810971669690597,0.7293233082706767,0.0,300.379027811986,5.693519327551679,27.567272231549577,pr
232,0.3045274373340254,0.2766635325416431,0.55,0.5065601451374041,281.29963023946954,376.0543583996855,885,596,1481,0.48,0.0732394366197183,0.4,0.0915492957746478,0.55,0.2432432432432432,0.48,0.2432432432432432,6.066110169128912,0.8796992481203008,5.455577455656057,0.6917293233082706,8.776535883761172,0.7529411764705882,8.139916615190193,1.0,0.0,134158.90609998294,57.87207208291791,20.191312039470475,pr
233,0.0628647946643807,0.015590956414639,0.34,0.2,0.8997905333788332,4.221619613379482,50,12,62,0.08,0.4447513812154696,0.05,0.4447513812154696,0.06,1.0,0.04,1.0,6.04754343492337,1.0,5.2610311388430375,0.7264957264957265,8.85741909594503,1.0,8.044219374169689,1.0,3.0,166.43658160001294,2.810939615360997,23.761030600503315,pr
234,0.0341257557112996,0.0274031793037698,0.3715738079667771,0.0833460041785642,4.889446280744585,8.952468491643003,144,76,220,0.04,0.5,0.01,0.5,0.15,0.5,0.03,0.5,0.0,0.0,0.0,0.0,0.0,0.0,0.0,0.0,0.0,181.26044421796848,4.031012952544176,25.687660713537728,pr
235,0.1211458939150449,0.1206666834758583,0.42,0.3187006992134624,60.22104621487716,103.30258538526697,629,263,892,0.23,0.0867052023121387,0.22,0.0867052023121387,0.24,0.6715328467153284,0.23,0.6715328467153284,5.926442860028996,0.7340425531914894,5.749925782379262,0.7340425531914894,8.526428337562706,1.0,8.333985136223681,1.0,0.0,40090.35224856752,20.117412804724715,20.172997720332923,pr
236,0.5198102011649758,0.4379250851128834,1.16,0.8240946259989701,263.19833970411344,373.38026418689833,528,361,889,,,,,,,,,,,,,,,,,,157975.40459334594,78.8668814775343,25.59831861970037,
237,0.045118293214383,0.0282020609229981,0.39,0.1,3.769365879280585,8.394582772539072,112,45,157,0.1,0.2004454342984409,0.06,0.2182628062360802,0.08,0.7343173431734318,0.05,1.0,6.29821945724638,0.9570552147239264,4.993678304198439,0.6871165644171779,9.170943265912804,0.7710280373831776,7.79864369236709,1.0,0.0,192.50433786516967,4.480793363579002,30.696394570540967,pr
238,0.0562940559252446,0.0288651370744116,0.37,0.1718973039264885,2.527074423206104,6.382089096072942,83,22,105,0.09,0.3363844393592677,0.09,0.3363844393592677,0.07,1.0,0.06,1.0,6.055473458507488,0.8803418803418803,5.866896478792927,0.8803418803418803,8.85984382207955,1.0,8.647823901294451,1.0,0.0,177.10029345733676,5.367477090860519,31.640316124165054,pr
239,0.0443918553450038,0.0263859575897237,0.3061741677235259,0.2242598320813175,3.4570225071426046,7.167758260595899,105,38,143,0.09,0.4057971014492754,0.05,0.4057971014492754,0.07,1.0,0.04,1.0,6.6950499839888895,1.0,5.36780884175292,1.0,9.849256248569688,1.0,8.366065547953795,0.9842105263157894,0.0,174.2147150690657,4.113939478696289,26.014039343413348,pr
240,0.3039697783596058,0.2789309594176399,0.55,0.4973204243212835,326.0494053045579,430.4773215877879,1006,692,1698,0.48,0.0732394366197183,0.4,0.0915492957746478,0.55,0.2432432432432432,0.48,0.2432432432432432,6.066110169128912,0.8796992481203008,5.455577455656057,0.6917293233082706,8.776535883761172,0.7529411764705882,8.139916615190193,1.0,0.0,157263.32872787525,61.3849056594049,19.989657796190244,pr
241,0.0464448605360163,0.026632627021388,0.3061741677235259,0.11,2.526815190260939,5.572430164631047,79,27,106,0.11,0.4818024263431542,0.05,0.4818024263431542,0.08,1.0,0.03,1.0,6.917044438582325,1.0,5.253393284000865,1.0,9.493282984158002,1.0,7.722612200674518,1.0,3.0,160.9122994874022,4.647998625618163,30.898074633069587,pr
242,0.0941154449484583,0.0712263629163631,0.34,0.2238539712500201,26.3905889318322,44.08789681993756,294,232,526,0.12,0.1768707482993197,0.05,0.2789115646258503,0.12,0.5700934579439252,0.03,1.0,7.452901741990419,1.0,4.916899133639171,0.6285714285714286,10.468024819730784,0.8260869565217391,7.596442433491799,1.0,0.0,1607.4211031695315,15.421321035232667,20.444487119094106,pr
243,0.3086709966094871,0.2717015515437357,0.55,0.5065601451374041,221.183284587968,316.2079164182031,740,468,1208,0.48,0.0732394366197183,0.4,0.0915492957746478,0.55,0.2432432432432432,0.48,0.2432432432432432,6.066110169128912,0.8796992481203008,5.455577455656057,0.6917293233082706,8.776535883761172,0.7529411764705882,8.139916615190193,1.0,0.0,138490.35479261432,54.71196446216708,23.26013718864656,pr
244,0.3068315990537726,0.2736806699157501,0.55,0.5065601451374041,252.91728904326231,350.89443914115924,823,535,1358,0.48,0.0732394366197183,0.4,0.0915492957746478,0.55,0.2432432432432432,0.48,0.2432432432432432,6.066110169128912,0.8796992481203008,5.455577455656057,0.6917293233082706,8.776535883761172,0.7529411764705882,8.139916615190193,1.0,0.0,145755.06073246957,60.40109791470216,21.69224407609102,pr
245,0.0423124712550824,0.0261711932861169,0.29,0.11,2.418452950653642,5.170171242415003,79,27,106,0.11,0.1501272264631043,0.04,0.2391857506361323,0.08,0.6991150442477876,0.03,0.9070796460176992,8.370415547385278,0.9842931937172776,6.008593420122223,0.8586387434554974,11.963757391740868,0.8493975903614458,8.896732537155556,1.0,0.0,155.03436583522728,3.100680764292187,30.12118334492973,pr
246,0.1739994224917257,0.1439771846832653,0.44,0.3418576478202461,90.79807740036225,133.18825197941993,526,384,910,0.25,0.3627992633517495,0.18,0.427255985267035,0.23,0.8728813559322034,0.17,0.9548022598870056,7.977829347314178,1.0,6.754020511952636,0.9814241486068112,11.74599486377731,0.835016835016835,10.20474943070543,1.0,0.0,35642.67370258573,33.46031332557968,28.69561867898973,pr
247,0.0519986911425159,0.0210712767801726,0.35,0.1221655450297897,0.7327177594798415,2.352907509443481,29,11,40,0.08,0.2716049382716049,0.05,0.404320987654321,0.07,1.0,0.04,1.0,6.579869591186968,1.0,5.245216051657394,0.6150627615062761,9.54167432054435,1.0,8.05734332228195,1.0,0.0,132.4037949992728,2.432260388691972,23.334977636882044,pr
248,0.0309079900367661,0.0164794225831734,0.3715738079667771,0.1221655450297897,0.8101454777676854,2.104358787647226,38,15,53,0.02,1.0,0.02,1.0,0.06,1.0,0.05,1.0,3.4701401871377846,1.0,2.9641171149045755,0.7111111111111111,7.936446806145235,1.0,7.36531337260834,1.0,5.0,125.8842661975908,3.3851519497188494,21.97769104481432,pr
249,0.306913732994383,0.2741335467477183,0.55,0.5065601451374041,307.24640153080907,421.2770759396138,986,652,1638,0.48,0.0732394366197183,0.4,0.0915492957746478,0.55,0.2432432432432432,0.48,0.2432432432432432,6.066110169128912,0.8796992481203008,5.455577455656057,0.6917293233082706,8.776535883761172,0.7529411764705882,8.139916615190193,1.0,0.0,174827.77547818565,66.32033337178308,20.8020033931702,pr
250,0.0462303716429388,0.027056043730804,0.3061741677235259,0.11,2.975394030708656,6.911522894651895,100,32,132,0.11,0.3600713012477718,0.05,0.463458110516934,0.08,0.7745454545454545,0.03,1.0,6.801049213147185,1.0,5.142108232233844,0.7168674698795181,9.67606700844844,0.8556962025316456,7.826906547409736,1.0,4.0,178.72257727886486,4.702454987932602,31.13376049508236,pr
251,0.3715738079667771,0.0,0.3715738079667771,0.0,0.0,0.3715738079667771,1,0,1,0.05,0.1214285714285714,0.01,0.1214285714285714,0.08,0.8974358974358975,0.02,1.0,4.52521103900328,0.8181818181818182,2.543479217732707,0.9545454545454546,8.936407883605387,0.734375,6.243532355915858,1.0,5.0,107.43147615933556,0.0,31.62277660168379,pr
252,0.0402454563961245,0.0347194580043798,0.35,0.12,6.650279525306714,12.434374986635596,151,81,232,0.12,0.3375394321766561,0.04,0.5110410094637224,0.08,0.7889060092449923,0.02,1.0,8.514486969962256,0.745679012345679,5.989724330437286,0.7308641975308642,12.16127024851395,0.8501118568232662,8.819627989334363,1.0,0.0,223.44388941866333,5.919130201423921,23.506249141797923,pr
253,0.0381159711982894,0.0226569622785815,0.3061741677235259,0.1233954309414089,1.09909245507239,2.4057171669219746,38,15,53,0.09,0.0728155339805825,0.03,0.1601941747572815,0.07,0.7222222222222222,0.02,0.9097222222222222,8.650021126625438,0.8090909090909091,5.861971433526676,0.7727272727272727,12.345507003436529,0.4444444444444444,8.93336899297095,0.9074074074074074,0.0,126.13249423699172,2.9661259847257857,20.56009141190137,pr
254,0.0454865318849075,0.0,0.0454865318849075,0.0,0.0,0.0454865318849075,1,0,1,0.04,0.0341880341880341,0.01,0.017094017094017,0.07,0.6086956521739131,0.02,1.0,5.290405485094746,0.5833333333333334,3.271730207231407,0.4166666666666667,10.10421656426387,0.8,7.905039469383633,1.0,0.0,100.90973063769816,0.0,31.62277660168379,pr
255,0.0543405318563523,0.0246521143547243,0.31,0.1718973039264885,2.057458396166042,6.056153543861025,78,22,100,0.08,0.2971246006389776,0.08,0.2971246006389776,0.05,0.789272030651341,0.05,0.789272030651341,5.999425485254965,0.821917808219178,5.874819735866068,0.821917808219178,8.70438468587119,1.0,8.570198379652481,1.0,0.0,179.97390295389957,3.8906746195601785,32.03144498324663,pr
256,0.0264536322460436,0.0153245889316354,0.237657116194806,0.1221655450297897,0.656991760646358,1.6411602388297994,35,12,47,0.03,0.1616161616161616,0.02,0.1616161616161616,0.07,0.9333333333333332,0.05,1.0,3.3345193796440293,0.375,2.714958955486177,1.0,7.49354803010926,1.0,6.725584318947067,0.84,0.0,119.68336956366882,3.296065488394864,20.666442844956865,pr
257,0.3063626178068863,0.2717019727713974,0.55,0.5065601451374041,161.3550850208594,229.02406132043973,540,341,881,0.48,0.0732394366197183,0.4,0.0915492957746478,0.55,0.2432432432432432,0.48,0.2432432432432432,6.066110169128912,0.8796992481203008,5.455577455656057,0.6917293233082706,8.776535883761172,0.7529411764705882,8.139916615190193,1.0,0.0,77791.3745435539,56.07473910398655,22.069088185117373,pr
258,0.0285415364967449,0.0130611881779595,0.237657116194806,0.0657817575457776,0.4604776431241507,1.439344377141193,24,12,36,0.05,0.2758620689655172,0.02,0.2758620689655172,0.07,0.6410256410256411,0.0,0.8461538461538461,5.519662311898364,0.7777777777777778,3.4054546950743445,0.8888888888888888,9.530143283107112,0.7619047619047619,6.8782278402245405,1.0,3.0,119.57733468034084,1.8586854683190643,22.533283658499663,pr
259,0.0402704428189889,0.0245524980274394,0.35,0.1718973039264885,1.5110129930914424,3.632407484522973,53,19,72,0.08,0.2257217847769028,0.05,0.2677165354330709,0.07,1.0,0.04,1.0,6.660388333437645,0.9558823529411764,5.370858731491678,0.8235294117647058,9.713359637312209,0.7584541062801933,8.186777527561775,1.0,0.0,142.4278898286306,4.557049754318017,20.34383711860187,pr
260,0.3070040693354148,0.274773409975441,0.55,0.5065601451374041,306.7600732280847,416.8135912798084,973,651,1624,0.48,0.0732394366197183,0.4,0.0915492957746478,0.55,0.2432432432432432,0.48,0.2432432432432432,6.066110169128912,0.8796992481203008,5.455577455656057,0.6917293233082706,8.776535883761172,0.7529411764705882,8.139916615190193,1.0,0.0,165357.78742709933,70.87535023267347,19.9451745692898,pr
261,0.0649355318907585,0.0240421368850436,0.32,0.2242598320813175,3.765370021190309,12.014923200831452,149,32,181,0.09,0.5397260273972603,0.08,0.5397260273972603,0.06,1.0,0.06,1.0,6.222256836638056,0.8938775510204081,5.979655074811776,0.8938775510204081,9.03009220503286,1.0,8.763019561354023,1.0,0.0,340.30116370259225,5.719012896681631,30.0917325680962,pr
262,0.0509973395052349,0.0461588760258308,0.56,0.16,8.818868077446638,17.088904797336838,238,68,306,0.16,0.3674911660777385,0.09,0.508833922261484,0.12,1.0,0.06,0.6201298701298701,8.202487733090518,0.95,6.195629915543192,1.0,11.74165387347668,0.612565445026178,9.418269841802909,1.0,4.0,333.46149291970545,6.208446310991957,21.81201136139414,pr
