,num_st_pr,num_tp_pr,num_trade_pr,score,max_tp_pr,max_st_pr,mean_tp_pr,mean_st_pr,sum_st_pr,sum_tp_pr,money,draw_down,max_st,max_st_power,min_st,min_st_power,max_tp,max_tp_power,min_tp,min_tp_power,value_front_intervals_pr_upper,value_front_intervals_pr_upper_power,value_front_intervals_pr_lower,value_front_intervals_pr_lower_power,value_back_intervals_pr_upper,value_back_intervals_pr_upper_power,value_back_intervals_pr_lower,value_back_intervals_pr_lower_power,diff_extereme,methode
0,139,147,286,12.881128400909192,0.86,0.87,0.6156000462478267,0.3739776429218438,84.16677259860914,124.1882043118128,21951.954634543607,58.69478203645673,,,,,,,,,,,,,,,,,,
1,112,145,257,37.54859551608736,0.91,0.66,0.5830374159897064,0.3229126878646464,62.33525377355803,114.10476005525554,52500.92868793225,47.40990839258671,0.66,0.1764705882352941,0.48,0.1529411764705882,0.91,0.125,0.77,0.1015625,21.57100052779828,0.7777777777777778,17.74426655731566,0.5555555555555556,13.143680204110671,1.0,11.089012349061084,0.90625,5.0,pr
2,129,164,293,24.42774858880096,1.0,0.83,0.7577180136065609,0.4761031435631957,107.07,161.67740023421408,49728.98136036868,80.8731305977421,0.72,0.1774193548387097,0.52,0.1612903225806451,0.87,0.0944881889763779,0.75,0.1496062992125984,25.08641153018076,0.7297297297297297,20.58126580446953,1.0,14.602170242926247,1.0,12.13004702288923,0.8787878787878788,0.0,pr
3,136,179,315,26.75874130846605,0.85,0.71,0.504871803696407,0.3409579178899584,80.99070461208626,121.05058341427376,22019.77368269311,46.16873045973816,0.71,1.0,0.5,0.875,0.85,1.0,0.7,1.0,24.170270540488406,1.0,19.66022766556662,1.0,14.46072961163105,1.0,12.067536778013151,1.0,5.0,pr
4,106,142,248,37.91654382282498,0.94,0.75,0.5344604773700047,0.2855823603513439,52.57284568875099,102.33271505970863,46961.37552812872,41.3805022006228,0.75,1.0,0.42,0.4791666666666667,0.94,1.0,0.7,0.2535885167464115,24.678858559185294,0.7578947368421053,18.295658339546343,1.0,15.547783709987748,1.0,11.542544413878034,0.9431818181818182,5.0,pr
5,132,184,316,35.43837902770358,0.96,0.78,0.5422899136529228,0.2917408778962838,67.78282720212651,133.97441742118554,79502.17719110008,67.94284678582243,0.78,0.1318681318681318,0.44,0.2032967032967033,0.96,1.0,0.7,0.217391304347826,29.0574398698702,0.8666666666666667,19.99237933618477,1.0,17.281085424854535,0.9076923076923076,12.167088063685892,1.0,5.0,pr
6,132,170,302,31.900651584702423,0.55,0.29,0.3879242539229237,0.1636345762504364,38.151983250017736,88.70425622898382,53133.26518126401,49.48645475923884,0.29,0.3263888888888889,0.28,0.3263888888888889,0.55,0.1855670103092783,0.53,0.1855670103092783,25.850484554743108,0.9066666666666666,24.860964010314216,0.9066666666666666,15.077393443699536,1.0,14.559412451159844,1.0,5.0,pr
7,134,185,319,34.77339557401864,1.03,0.91,0.547729552853367,0.2838871963691551,69.13500076396224,136.28165000169713,80783.48474938248,54.49797133983039,0.91,1.0,0.43,0.8421052631578947,1.03,1.0,0.71,0.4807692307692308,27.274597915248723,0.4897959183673469,18.51169279291822,1.0,16.26511346160183,0.4313725490196078,11.108254724587466,1.0,5.0,pr
8,142,161,303,27.83069843882272,0.66,0.39,0.3086057209622395,0.1417785624441476,35.625584085785334,70.92195406580629,25005.978648265715,19.36882147210609,0.39,1.0,0.19,0.9154228855721394,0.66,1.0,0.43,0.515748031496063,29.14306498897532,0.3924050632911392,19.585632832306228,1.0,16.485885734173863,1.0,11.412974144694136,1.0,5.0,pr
9,127,191,318,17.99062024474184,0.97,0.94,0.6970334326574206,0.5235659061107257,119.37999999999994,170.43063935357011,36979.659465847566,73.74014451655344,0.66,0.3678756476683937,0.52,0.3678756476683937,0.85,1.0,0.74,0.3208333333333333,23.020275165407835,0.8207547169811321,19.598455007459247,0.8207547169811321,13.580971494985702,1.0,11.89667317422752,1.0,5.0,pr
10,145,191,336,32.52729607115707,0.96,0.86,0.514138250835185,0.2723092363833457,71.09843210286684,133.98737167001875,72686.54269459019,55.11317698349666,0.86,1.0,0.41,0.9519230769230768,0.96,1.0,0.68,1.0,29.23206459258406,1.0,18.53338218091152,1.0,16.534024951968323,1.0,11.261885359606929,1.0,5.0,pr
11,155,170,325,24.309515493930583,0.57,0.32,0.3195614165796149,0.157812933397917,42.60284239353609,77.58247988503746,23693.96442896856,35.20558379012381,0.32,1.0,0.22,0.924170616113744,0.57,1.0,0.45,1.0,28.26385427754451,1.0,22.296273890411328,1.0,15.634216216527827,1.0,12.84944448251472,1.0,5.0,pr
12,127,171,298,27.235958590926963,0.86,0.77,0.510198368567615,0.3363332310812146,76.50668849556723,119.17674650574588,31954.32532837038,49.15651045490026,0.77,0.1,0.51,0.075,0.86,0.1372549019607843,0.68,0.2352941176470588,27.43991475803106,0.5789473684210527,20.40609185866846,0.631578947368421,15.645150628855712,0.8064516129032258,12.31897860029711,0.7096774193548387,0.0,pr
13,143,169,312,28.513447768873977,0.57,0.32,0.3337675012514917,0.1521056647424107,38.368145234191225,77.75844734691722,31870.071789349447,36.83508550653761,0.32,1.0,0.22,0.924170616113744,0.57,1.0,0.45,1.0,28.26385427754451,1.0,22.296273890411328,1.0,15.634216216527827,1.0,12.84944448251472,1.0,5.0,pr
14,129,174,303,35.72158131696604,0.97,0.7780671876043554,0.4792750387110859,0.2548814077153746,59.01804471134646,113.74714596477864,56976.61239614656,61.09858486486519,0.88,0.125,0.38,0.225,0.97,1.0,0.63,0.2443181818181818,30.663826649677915,0.7611940298507462,18.51964854566425,0.8656716417910447,18.096228472293223,0.4102564102564102,11.19796156395035,1.0,5.0,pr
15,104,163,267,37.62026468800364,1.01,0.81,0.5311894884513798,0.2914606162248505,57.10797976359089,111.08877317226532,53541.43889186491,56.52267575510203,0.81,0.088235294117647,0.46,0.1235294117647058,1.01,0.0776255707762557,0.74,0.1506849315068493,27.968153159684444,0.7903225806451613,18.87540294048469,0.9516129032258064,16.288209743041993,0.8305084745762712,11.439135732745951,0.8813559322033898,0.0,pr
16,149,190,339,32.18884764109965,0.95,0.76,0.5360705567559506,0.3226724417550806,84.23729479420615,138.79889643809358,53901.01890729544,51.32258650091573,0.76,0.1507537688442211,0.48,0.2160804020100502,0.95,1.0,0.71,0.2017167381974249,26.459947435299743,0.5625,18.73089839286996,1.0,15.298748926987694,0.5769230769230769,11.150027066289892,0.8205128205128205,5.0,pr
17,143,189,332,28.25300293925283,0.78,0.64,0.5731913416101363,0.3734939489196606,90.79107361923816,142.6285560074395,41843.045482342735,62.10005600653231,0.64,1.0,0.61,1.0,0.78,1.0,0.76,1.0,24.768440452817785,1.0,24.102754152157885,1.0,15.409000481048151,1.0,15.02679018943711,1.0,5.0,pr
18,150,187,337,25.348452841595417,0.97,0.87,0.5125131026786488,0.3166767563605697,82.63520601855694,131.11388458890156,36745.10541188239,62.93664145587847,0.87,0.0726256983240223,0.47,0.1452513966480447,0.97,1.0,0.68,0.1710526315789473,30.98593709136568,0.8666666666666667,20.467971432086056,1.0,19.06910821543869,1.0,12.8475715286021,0.9583333333333334,0.0,pr
19,131,220,351,18.360371960593906,1.0,0.92,0.6581496696523077,0.4858019590694212,120.52,182.8016964171973,57744.239287902565,94.36868168005088,0.8,1.0,0.53,0.7663934426229508,0.96,1.0,0.76,1.0,25.687829427437894,1.0,19.0870302260612,1.0,14.001053880695686,1.0,10.935807095413493,1.0,5.0,pr
20,125,195,320,40.76625824346706,0.69,0.54,0.4765531897878065,0.2632967844088852,60.955250228860464,122.11560418425688,71758.64967633034,47.98273000229402,0.54,0.8739130434782608,0.43,1.0,0.69,1.0,0.62,1.0,24.89550027871388,1.0,21.418260949758565,1.0,13.717743871477596,1.0,12.115661534679402,1.0,5.0,pr
21,176,218,394,29.94737623322917,0.88,0.7,0.5236173294280263,0.3173570548783094,98.1631199410078,156.34474198223427,56803.60815087477,59.45553665105885,0.7,0.0319148936170212,0.48,0.0638297872340425,0.88,0.2755102040816326,0.7,0.1632653061224489,26.074413501746523,0.5151515151515151,19.04598653959962,0.9393939393939394,14.584150857298075,0.7878787878787878,11.12131853273437,1.0,0.0,pr
22,124,203,327,29.5598745712967,1.0,0.84,0.6746572197255902,0.448149082488495,104.16,172.73119757728222,73663.17225756028,75.03460966898994,0.63,0.0467836257309941,0.51,0.0643274853801169,0.85,0.1666666666666666,0.76,0.2023809523809523,26.46716892381049,0.3636363636363636,22.677650160427163,0.6060606060606061,15.491710295331565,0.9375,13.465697008116855,0.6875,0.0,pr
23,142,186,328,32.786614287476134,0.97,0.82,0.4995303118753174,0.2859821331858301,71.73882303508469,126.112254522138,56174.00889065169,53.57164924317341,0.82,0.1263157894736842,0.42,0.3052631578947368,0.97,1.0,0.66,0.2837837837837837,29.40608632894081,0.7319587628865979,19.76924930367415,1.0,18.69449952250792,1.0,12.493862525190572,1.0,5.0,pr
24,145,191,336,32.52729607115707,0.96,0.86,0.514138250835185,0.2723092363833457,71.09843210286684,133.98737167001875,72686.54269459019,55.11317698349666,,,,,,,,,,,,,,,,,,
25,149,187,336,22.996802418744075,0.88,0.76,0.5962837612746429,0.401623432569045,104.27701867592572,149.3792803389851,28019.1605378666,65.4088801359779,0.76,0.0490797546012269,0.64,0.0613496932515337,0.88,0.1839080459770115,0.79,0.1034482758620689,22.05591617559793,0.92,19.34076896181899,0.92,12.849839341636882,0.6785714285714286,11.548574569274852,1.0,0.0,pr
26,152,170,322,15.710182807473952,0.8,0.81,0.5668591924382085,0.325414144716491,83.70530271319089,133.2415785162666,43392.94170834846,69.24733195498081,0.78,0.1551724137931034,0.49,0.3390804597701149,0.87,1.0,0.68,0.2488888888888888,27.38135845619293,0.7972972972972973,20.449397031649784,1.0,16.400049084564024,0.927536231884058,12.733122231346652,1.0,5.0,pr
27,134,193,327,36.87675674774231,0.84,0.66,0.538142902838782,0.3043103552880405,74.55075319420055,136.4765805545726,70332.66720570669,54.76672959457735,0.66,0.0813953488372093,0.48,0.1162790697674418,0.84,0.1146496815286624,0.71,0.1337579617834395,25.30203061557173,0.7884615384615384,19.67112544999299,0.8653846153846154,14.152588492739364,0.8813559322033898,11.025405184511005,0.8813559322033898,5.0,pr
28,139,168,307,29.50335626276681,1.03,0.82,0.5091394358967903,0.3163493651291434,74.43415686000898,119.50827620757671,28662.414798758044,41.67030151429017,0.82,0.1428571428571428,0.45,0.1714285714285714,1.03,1.0,0.69,0.1596638655462184,25.87083697580968,0.5882352941176471,17.096755906900313,1.0,14.796970690601174,0.4545454545454545,10.268922073694014,0.8409090909090909,5.0,pr
29,127,170,297,34.95032256827872,0.82,0.6,0.5702085683307413,0.3315982131415087,72.12401507883003,129.82785165256175,60039.1119259262,63.974896272251215,0.6,0.1446540880503144,0.52,0.4088050314465409,0.82,0.2300884955752212,0.76,0.2300884955752212,25.944361366425365,0.8089887640449438,23.91600512298833,0.8089887640449438,15.738833086703927,1.0,14.58015597667722,0.9864864864864864,5.0,pr
30,162,160,322,17.337029544137614,0.89,0.82,0.4980705829563415,0.2570013194359813,65.16671877165476,114.97431520513712,45103.15708013545,57.94497611982362,0.82,1.0,0.46,1.0,0.89,1.0,0.67,1.0,28.669263394191187,1.0,21.178363606608347,1.0,17.756503473297293,0.6466666666666666,13.293675585206012,1.0,5.0,pr
31,125,147,272,25.268176606015498,0.61,0.4,0.1967413778624487,0.0840090939251453,19.091504113995928,40.73410682258013,3197.518036335789,21.06793687287324,0.4,1.0,0.21,0.8709677419354839,0.61,1.0,0.4,0.549618320610687,30.22604339801677,0.4493670886075949,21.104793028050143,1.0,18.03023917413868,0.6126760563380281,12.90926661483144,1.0,5.0,pr
32,140,161,301,27.801003394372387,0.61,0.4,0.3491439259323231,0.1573426350915028,35.752335927482534,78.87874658020856,38508.33506289762,38.467481701587744,0.4,1.0,0.21,0.8709677419354839,0.61,1.0,0.4,0.549618320610687,30.22604339801677,0.4493670886075949,21.104793028050143,1.0,18.03023917413868,0.6126760563380281,12.90926661483144,1.0,5.0,pr
33,13,32,45,14.976528791733758,0.82,0.8007107304349775,0.7225366233735261,0.2716815315543489,8.155458524563187,25.804832360834137,1327.3604314762888,33.03720193822379,0.5,0.0769230769230769,0.28,0.2307692307692307,0.97,0.3333333333333333,0.86,0.0833333333333333,43.35365862797159,0.6,40.47103527158111,0.6,37.71136102157436,0.4,34.84210220931129,0.4,0.0,pr
34,16,39,55,12.031910062751034,0.95,0.95,0.7923783528134146,0.3273525005362923,12.38394388218821,36.25121019402377,3740.6546554323095,38.44225071870551,0.75,0.1052631578947368,0.32,0.2105263157894736,1.13,0.8823529411764706,0.9,0.2352941176470588,47.92133089814509,1.0,42.58761849781124,0.6666666666666666,41.199270350960326,0.6666666666666666,37.23513146776832,0.6666666666666666,0.0,pr
35,27,27,54,4.97281713165646,0.990506321760542,0.83,0.3525894167359919,0.3398928554271748,13.525468691022606,15.244366088655026,126.3541687976174,25.37024797595607,0.83,0.3529411764705882,0.4,0.5882352941176471,1.09,1.0,0.7,0.0833333333333333,0.5587963429661282,0.6153846153846154,0.2274806824389723,1.0,0.1624829626914962,0.4375,0.0405037392815323,0.125,0.0,pr
36,67,185,252,25.184024056322134,0.56,0.44,0.1852519822281657,0.1139095181312406,20.873137614493785,42.261864879879546,3065.9635308533025,18.43254759167038,0.44,1.0,0.25,0.2,0.56,1.0,0.23,0.6428571428571429,0.6326855868624675,0.6666666666666666,0.2617073076344257,1.0,0.1759869948136466,0.4,0.044441575549887,0.1,0.0,pr
37,162,160,322,17.337029544137614,0.89,0.82,0.4980705829563415,0.2570013194359813,65.16671877165476,114.97431520513712,45103.15708013545,57.94497611982362,,,,,,,,,,,,,,,,,,
38,147,192,339,29.06977957746548,0.61,0.4,0.2982991093858966,0.1385005600224623,39.36609766474953,78.29062302262079,28568.02010794423,29.65897878533107,0.4,1.0,0.21,0.8709677419354839,0.61,1.0,0.4,0.549618320610687,30.22604339801677,0.4493670886075949,21.104793028050143,1.0,18.03023917413868,0.6126760563380281,12.90926661483144,1.0,5.0,pr
39,121,157,278,37.994339276311855,0.34,0.17,0.1991414258871941,0.0774043805701632,16.772999767777357,46.335361852204514,15051.333881081786,11.771241108162274,0.17,0.0942028985507246,0.1,0.2898550724637681,0.34,1.0,0.26,0.2606382978723404,28.257995678417,0.7777777777777778,20.4475357604532,0.9365079365079364,14.607598555460587,0.6363636363636364,10.99458029124228,1.0,5.0,pr
40,11,20,31,6.665542755271207,0.98,1.0,0.7052529106897336,0.5506037353789425,10.91897971571361,18.40901161690969,229.97883362819607,19.49341429201736,0.71,0.238095238095238,0.39,0.4761904761904761,0.94,0.4705882352941176,0.69,0.0294117647058823,0.8485042461966232,0.5,0.3570538515408669,0.6666666666666666,0.2364947638068812,0.037037037037037,0.0538343937830681,0.074074074074074,0.0,pr
41,31,29,60,11.09016987830434,0.92763319852316,0.5569455020124012,0.4572945322960308,0.2936306272290976,13.438066933583578,22.875578846253525,353.50355685188543,29.078775816422457,0.75,0.5555555555555556,0.37,0.6666666666666666,1.06,1.0,0.76,0.1851851851851851,0.8054517957309133,0.1764705882352941,0.2843010942338241,0.6470588235294118,0.2068645603687663,0.1851851851851851,0.0380667356634597,1.0,5.0,pr
42,20,24,44,15.286154588285116,1.02,0.59,0.5763209443792972,0.2078701411082355,7.189588010513097,19.01865407250777,536.0618152057821,27.657986791790066,0.59,0.1428571428571428,0.44,0.3571428571428571,1.02,0.5714285714285714,0.95,0.2142857142857142,45.38564954309373,0.6666666666666666,43.4505270322305,0.7777777777777778,38.53207976506968,0.75,37.177433446278734,1.0,0.0,pr
43,24,44,68,11.965271865133245,0.91,0.83,0.6905130911945325,0.4520623267759056,18.669038303372968,38.80336402240491,1462.0271924978165,55.08311153598734,0.75,0.0625,0.49,0.25,1.02,0.0434782608695652,0.81,0.0434782608695652,0.7497970061484687,0.4285714285714285,0.4013996609692249,0.7142857142857143,0.2120877920186313,0.0333333333333333,0.0855400213646128,0.0333333333333333,0.0,pr
44,6,20,26,9.804961886627453,0.895768064358843,0.96,0.7379985563617879,0.3315395291604947,5.361828107419271,16.06305682185576,438.92338958653727,21.1543866059584,0.71,0.0555555555555555,0.23,0.1111111111111111,1.05,1.0,0.82,0.1333333333333333,47.42585057672323,0.5555555555555556,42.395347753874674,0.5555555555555556,41.96276651758182,0.6666666666666666,37.19883987148823,1.0,0.0,pr
45,16,13,29,9.068047467157417,0.92763319852316,0.76,0.4258184868320959,0.3391843239083316,7.335128328372939,10.10723084098181,155.4420502521775,22.234490199588382,0.76,0.05,0.39,0.3,1.1,0.9285714285714286,0.75,0.0714285714285714,1.0630216202034026,0.25,0.2039430351148868,0.625,0.1711422486645852,0.0476190476190476,0.0299321187278236,0.0952380952380952,0.0,pr
46,48,83,131,14.813545174607038,0.91,0.89,0.6947518435029543,0.4753015769876794,41.576203762505,74.45414393259352,12347.283237838605,53.38674649738184,0.61,0.3333333333333333,0.54,0.3333333333333333,0.81,0.0707070707070707,0.75,0.0707070707070707,7.28397419280887,1.0,6.900036194422327,1.0,4.81808293395828,0.8888888888888888,4.565962325038015,0.8888888888888888,5.0,pr
47,43,67,110,19.20553895282281,0.84,0.68,0.5714015254818675,0.3473738456657888,26.503344322003613,52.03475013173297,3888.9076329396025,68.12830155663977,0.68,0.0806451612903225,0.56,0.0483870967741935,0.84,0.04,0.77,0.08,8.5871362842438,0.9230769230769232,7.925541958103152,0.8461538461538461,5.890826296675023,0.5333333333333333,5.419739959734399,0.4666666666666667,0.0,pr
48,42,84,126,45.48579574851448,0.92,0.47,0.68896166510859,0.1750084694425476,17.165175109120018,71.89519266837486,62783.234263198574,27.863792622728106,0.47,1.0,0.31,1.0,0.92,1.0,0.85,1.0,19.02832885162445,1.0,13.604561255751635,1.0,6.550867126770811,1.0,4.521543262796808,1.0,5.0,pr
49,49,47,96,8.399520163469042,0.8895988862721967,0.7161039307437571,0.4392774459103468,0.2629066627663117,20.51955848518058,33.56808468714414,610.4866245771809,41.65760317724116,0.73,0.1851851851851851,0.35,0.1851851851851851,0.95,0.8333333333333334,0.7,0.1333333333333333,41.61707108977864,0.4285714285714285,25.50067444595359,1.0,23.96206545709089,0.2142857142857142,13.526269908216378,0.2857142857142857,0.0,pr
50,51,50,101,5.795281188034862,0.8,0.7379752926103931,0.529659987253979,0.3136824230273974,24.984397806891263,39.27703493196677,512.8401271131805,42.085619523122745,0.72,0.1463414634146341,0.53,0.2682926829268293,0.94,0.1269841269841269,0.8,0.1111111111111111,37.29636969935345,0.5882352941176471,29.75514139269221,0.7647058823529411,20.416371552463573,0.875,15.702445456073557,0.875,0.0,pr
51,43,49,92,7.310762384006566,0.98,0.7179851239936059,0.570402030948756,0.3468438590664252,24.63614692169792,40.24720953738039,717.5481849683941,49.580687775077706,0.72,0.1304347826086956,0.51,0.1739130434782608,0.98,0.3333333333333333,0.8,0.0952380952380952,37.11138276526092,0.4,27.3259599569893,0.6,19.49098190936856,0.25,13.968348387606492,0.4166666666666667,0.0,pr
52,74,104,178,7.522604244276401,0.9,0.7909223811046593,0.2903883446293319,0.2490993521502071,29.77024739149593,41.11198601286638,423.47727494562895,46.15125543867549,0.82,1.0,0.41,0.425287356321839,0.9,1.0,0.59,0.2682926829268293,28.34374564723125,0.4556962025316455,19.390672558951955,1.0,17.6575523242719,0.92,12.562042374495032,1.0,5.0,pr
53,193,239,432,32.6708757716392,0.55,0.32,0.2832738816992218,0.1175970955502373,43.32861219513761,95.99057302471486,58118.97055014732,25.01098439804127,0.32,0.6190476190476191,0.17,0.6190476190476191,0.55,1.0,0.4,0.2105263157894736,12.625687804355588,0.3541666666666667,7.864874303437288,1.0,6.179971236362814,0.8307692307692308,4.557211075046698,1.0,5.0,pr
54,140,201,341,32.57683236907748,0.61,0.4,0.2997607133576186,0.1351804419856083,37.66498135081928,82.03312796563489,42528.21505348093,29.867006154045907,0.4,1.0,0.21,0.8709677419354839,0.61,1.0,0.4,0.549618320610687,30.22604339801565,0.4493670886075949,21.104793028048945,1.0,18.030239174137563,0.6126760563380281,12.909266614830262,1.0,5.0,pr
55,35,38,73,8.924786029320844,0.99,0.73,0.4657634815045421,0.2703565756778427,16.169645859567613,27.07894841799417,386.93509915416274,34.478883088256175,0.73,0.4193548387096774,0.36,0.4193548387096774,0.99,1.0,0.69,0.2,5.2943612771726265,0.4482758620689655,3.565066392100032,1.0,2.9833367595757543,0.75,2.188083770795101,1.0,5.0,pr
56,21,39,60,24.435176317544705,0.9,0.55,0.6456864032898935,0.2918258788902568,11.107985371409017,33.78663195162122,3142.76027206372,28.50022353822368,0.55,0.0769230769230769,0.49,0.5384615384615384,0.9,0.1176470588235294,0.86,0.1176470588235294,10.35900557831926,0.3333333333333333,9.837056231712014,0.3333333333333333,6.886069352905178,0.5,6.5620753713645605,0.5,0.0,pr
57,26,34,60,4.977096914284861,0.99,0.89,0.609125754918509,0.5146995275520669,22.64256064313749,29.413379319308422,159.39681933026824,66.6853845700702,0.83,0.0357142857142857,0.57,0.0714285714285714,0.89,0.1428571428571428,0.67,0.0952380952380952,3.812756547045527,0.25,2.9358044172473776,0.5,2.0199499165815387,0.3333333333333333,1.5314571450561592,0.1666666666666666,0.0,pr
58,163,221,384,31.063653620933543,0.61,0.4,0.2968627194104322,0.140667747501487,43.31901610758516,89.49448005668054,46506.48549157485,30.542986844606496,0.4,1.0,0.21,0.8709677419354839,0.61,1.0,0.4,0.549618320610687,30.22604339801677,0.4493670886075949,21.104793028050143,1.0,18.03023917413868,0.6126760563380281,12.90926661483144,1.0,5.0,pr
59,34,45,79,8.928485586669057,0.92,0.65,0.6152748117502593,0.3502865933172768,19.806724280158484,37.74409021251898,1197.05765488727,68.6779251278479,0.65,0.3666666666666666,0.53,0.3666666666666666,0.92,0.1568627450980392,0.83,0.1568627450980392,12.438482598174051,0.5,10.689683246277852,1.0,7.900824326450774,0.52,6.886494368833831,0.52,5.0,pr
60,22,46,68,5.527716335782102,0.8,0.94,0.6289467753406521,0.4166572094475613,18.95752524059069,36.202613360211,1120.4967459219924,56.86068248384404,0.57,0.0526315789473684,0.56,0.0526315789473684,0.9,0.1428571428571428,0.89,0.1428571428571428,10.643904951111336,0.8333333333333334,10.54475946266317,0.8333333333333334,6.943326405644359,1.0,6.8839525181649455,1.0,0.0,pr
61,33,28,61,6.106587620010534,0.9288642714127122,0.75,0.4417242589175217,0.3529868922527028,17.99937086654528,20.034764912093163,140.70788091095773,37.60214515100875,0.75,0.0416666666666666,0.46,0.0416666666666666,0.96,0.125,0.7,0.375,4.820451581863533,0.6,3.4834549572596325,0.2,3.240088763110712,0.1666666666666666,2.075585366485292,0.3333333333333333,0.0,pr
62,41,37,78,8.33155320380066,1.02,0.71,0.44979742477727,0.280497755865838,18.3066111002504,27.0655029046676,213.33197819152096,40.90237545724041,0.71,0.3225806451612903,0.36,0.3870967741935484,1.02,1.0,0.72,0.0980392156862745,5.098518727761471,0.5714285714285714,3.548806691700822,1.0,3.155331119895542,0.8571428571428571,2.270980256027646,1.0,5.0,pr
63,24,45,69,5.788464080608869,0.92,0.88,0.6367142461506315,0.482374014522255,21.0625218682355,37.26668654190012,698.8018610313442,66.15577641072696,0.66,0.3333333333333333,0.56,0.3333333333333333,0.87,0.0952380952380952,0.78,0.0952380952380952,4.196896514763864,0.8125,3.8716068403380697,1.0,2.8491161816297383,1.0,2.5883679140898805,1.0,5.0,pr
64,191,195,386,19.04726699571127,0.89,0.82,0.4925992842251242,0.2625094437510836,78.91452161064896,138.58483557848268,60297.94037102244,63.82286683190911,,,,,,,,,,,,,,,,,,
65,191,195,386,19.04726699571127,0.89,0.82,0.4925992842251242,0.2625094437510836,78.91452161064896,138.58483557848268,60297.94037102244,63.82286683190911,,,,,,,,,,,,,,,,,,
66,191,195,386,19.04726699571127,0.89,0.82,0.4925992842251242,0.2625094437510836,78.91452161064896,138.58483557848268,60297.94037102244,63.82286683190911,,,,,,,,,,,,,,,,,,
67,191,195,386,19.04726699571127,0.89,0.82,0.4925992842251242,0.2625094437510836,78.91452161064896,138.58483557848268,60297.94037102244,63.82286683190911,,,,,,,,,,,,,,,,,,
68,521,557,1078,16.673967828987255,1.0,0.94,0.3940546095263961,0.2869941434919932,248.53208218085803,319.718998719463,90335.26822496991,59.88320492487136,0.94,0.0416666666666666,0.51,0.0568181818181818,1.0,0.1076233183856502,0.65,0.1076233183856502,46.23011907144832,0.2878787878787879,23.903220616789028,0.4696969696969697,25.11621764680437,0.2391304347826087,10.064410336466423,0.5978260869565217,0.0,pr
69,191,195,386,19.04726699571127,0.89,0.82,0.4925992842251242,0.2625094437510836,78.91452161064896,138.58483557848268,60297.94037102244,63.82286683190911,,,,,,,,,,,,,,,,,,
70,480,648,1128,19.92483605453952,0.92,0.84,0.4018913464421272,0.3095449251716749,268.56149750845617,352.75771779572926,113334.73033825196,78.6844371728696,0.84,0.0528301886792452,0.49,0.0566037735849056,0.92,0.1008403361344537,0.62,0.1176470588235294,45.17279548884753,0.1772151898734177,25.264495092935224,0.6075949367088608,24.180657743747467,0.3529411764705882,10.84891798678467,0.5,5.0,pr
71,480,648,1128,19.92483605453952,0.92,0.84,0.4018913464421272,0.3095449251716749,268.56149750845617,352.75771779572926,113334.73033825196,78.6844371728696,,,,,,,,,,,,,,,,,,
72,480,648,1128,19.92483605453952,0.92,0.84,0.4018913464421272,0.3095449251716749,268.56149750845617,352.75771779572926,113334.73033825196,78.6844371728696,,,,,,,,,,,,,,,,,,
73,480,648,1128,19.92483605453952,0.92,0.84,0.4018913464421272,0.3095449251716749,268.56149750845617,352.75771779572926,113334.73033825196,78.6844371728696,,,,,,,,,,,,,,,,,,
74,45,71,116,14.0895721945026,0.97,0.81,0.6724821470372293,0.4733259904613979,36.45000000000002,61.53812709908782,2174.783249349066,75.15907653807359,0.81,0.0769230769230769,0.57,0.1153846153846153,0.96,0.1836734693877551,0.77,0.1632653061224489,15.64592776853758,1.0,13.516200218735378,0.7222222222222222,11.587221973373438,0.8333333333333334,10.017595702935942,1.0,5.0,pr
75,47,76,123,14.431704606322423,1.0,0.88,0.6165126772831928,0.4636198018391725,38.8277578074889,61.54636292191937,1890.677797382692,43.73120056529887,0.75,0.1538461538461538,0.53,0.0769230769230769,0.85,0.0217391304347826,0.67,0.0652173913043478,4.9378558925309735,0.5555555555555556,4.046393381105967,0.7777777777777778,3.1979099453040254,0.875,2.5891304734500755,1.0,0.0,pr
76,531,599,1130,24.42900682494883,0.48,0.38,0.289250296114051,0.1983420440216303,182.38615851557788,246.0271768289276,74198.45263985443,54.79441018651098,0.38,0.1556603773584905,0.3,0.1273584905660377,0.48,0.1751152073732718,0.41,0.1382488479262673,38.37271017927425,0.3888888888888889,31.05462692685041,0.6111111111111112,19.656735119639787,0.4361702127659574,14.837105361384095,0.574468085106383,0.0,pr
77,42,53,95,7.99489523437571,0.88,0.71,0.4326614852240186,0.2960376408038198,20.15928460345001,33.35750628091043,536.5741523226085,52.621714026197,0.71,0.1,0.48,0.175,0.88,0.135593220338983,0.7,0.0677966101694915,14.007973548431512,0.6,12.076076155551696,0.6,10.446535322423076,0.625,9.006550036489216,1.0,0.0,pr
78,53,61,114,8.516604332745759,0.92,0.91,0.6386437648906729,0.4129590320000647,33.25814305018103,55.10630718125071,1250.2886566594334,48.08397063164588,0.72,0.125,0.46,0.5,0.9,1.0,0.66,0.0857142857142857,7.437243314919287,0.8461538461538461,6.112376994629828,1.0,4.944274580972266,0.5517241379310345,4.136816701469698,1.0,5.0,pr
79,48,65,113,6.713159296898836,0.94,0.84,0.6700441517493958,0.5295689195954171,40.32,60.1788809485671,677.3913452317871,70.43956384980652,0.69,0.0384615384615384,0.57,0.0961538461538461,0.78,0.1,0.67,0.0666666666666666,4.624869273524108,0.1666666666666666,4.2197031247686,1.0,3.234931046836984,0.5,2.938263863740392,1.0,0.0,pr
80,47,60,107,14.231957268609738,0.85,0.62,0.4495639951609002,0.2530903754015868,19.570735473108265,39.30024588097928,1020.2597229733576,37.99306418718892,0.62,0.0196078431372549,0.56,0.0392156862745098,0.85,0.1212121212121212,0.8,0.1212121212121212,5.2734494750266245,1.0,5.004368900285864,1.0,3.4035640501955697,0.4444444444444444,3.248360771197194,0.3333333333333333,0.0,pr
81,59,77,136,16.838165590545895,0.85,0.64,0.5358671660549428,0.3639842125726866,35.04851124645147,58.55289170745978,2111.3529524927403,44.6727828966878,0.64,0.0535714285714285,0.54,0.125,0.85,0.048780487804878,0.76,0.0853658536585365,6.399434731869245,0.5238095238095238,5.9115233575122526,1.0,4.165344146823841,0.6842105263157895,3.894224588901944,0.631578947368421,0.0,pr
82,49,65,114,14.96900491808684,0.83,0.66,0.5461625745421897,0.4087645610034026,32.100369130997166,52.11735896871008,1235.0175614954935,49.70794327463274,0.66,0.0952380952380952,0.63,0.0952380952380952,0.83,0.1304347826086956,0.8,0.1304347826086956,4.378570666081805,0.5,4.277406963172883,1.0,3.047776893883467,0.75,2.974570930598877,0.75,0.0,pr
83,57,88,145,5.092610492612221,0.95,0.98,0.6526930867491892,0.5199568086930386,52.268104495949466,76.4712897156494,1081.5530735531663,50.01060832948261,0.84,0.2647058823529412,0.45,0.4117647058823529,0.92,1.0,0.62,0.1,5.716857751280561,0.7916666666666666,3.958245627416804,1.0,3.5783283083541653,0.6956521739130435,2.519657114750091,1.0,0.0,pr
84,480,648,1128,19.92483605453952,0.92,0.84,0.4018913464421272,0.3095449251716749,268.56149750845617,352.75771779572926,113334.73033825196,78.6844371728696,,,,,,,,,,,,,,,,,,
85,54,63,117,10.96951630506869,0.95,0.73,0.4741096406590672,0.3052437194824029,27.136659211044503,45.04260714785746,979.1999120640744,39.00120670222479,0.73,0.2222222222222222,0.43,0.3703703703703703,0.95,0.1666666666666666,0.69,0.1428571428571428,6.953491199216878,0.5,5.266383910552849,0.9285714285714286,4.234627289657009,1.0,3.3858824059188475,0.8333333333333334,0.0,pr
86,64,84,148,14.8299928900411,0.84,0.67,0.6045971380737685,0.4253711746033946,42.83843363270168,68.76449634400733,2266.227674627879,50.0515325751323,0.67,0.0526315789473684,0.66,0.0526315789473684,0.84,0.0769230769230769,0.83,0.0769230769230769,14.650756741712703,0.3076923076923077,14.534728704332796,0.3076923076923077,9.888730908606693,0.9,9.82305800194932,0.9,0.0,pr
87,48,68,116,14.177779317818384,0.88,0.74,0.5888702608145158,0.4308826502450983,33.61868780335969,53.941428077737065,1302.456558529099,52.36905091942621,0.74,0.0178571428571428,0.64,0.0535714285714285,0.88,0.125,0.78,0.1666666666666666,13.968215549816575,1.0,13.009237012106569,0.75,10.34787793254901,1.0,9.675129461165868,0.375,0.0,pr
88,51,86,137,10.899101760399963,1.0,0.96,0.6738766323133342,0.4946543783851925,46.35534657017645,72.83133846877817,2458.649944082877,69.32337121685723,0.65,0.0545454545454545,0.61,0.0545454545454545,0.83,0.1428571428571428,0.79,0.1428571428571428,6.245824415269523,0.4,6.0350038224413485,0.2,3.969501227107539,0.7,3.840688926212396,0.7,0.0,pr
89,52,71,123,20.31298927754828,0.93,0.66,0.5904613235743098,0.3743489652955831,31.620831143989086,58.17419415262015,4028.8461187170633,46.433524998352,0.66,0.3529411764705882,0.55,0.3529411764705882,0.93,0.0533333333333333,0.82,0.04,6.187759189588625,1.0,5.6310726894455945,1.0,4.173847386122788,1.0,3.812002778373978,1.0,0.0,pr
90,39,53,92,9.473942879586785,0.97,0.93,0.6147689986461399,0.3886156140751985,25.47313819707432,45.807711872959125,1870.0956773910707,55.01651054343597,0.82,0.1578947368421052,0.48,0.3421052631578947,0.98,0.0689655172413793,0.73,0.1379310344827586,13.722711556574454,0.5294117647058824,11.219727930133407,0.7647058823529411,9.734535710877708,1.0,7.769942409588675,0.8947368421052632,5.0,pr
91,64,77,141,13.59310975101492,0.93,0.79,0.4718529693827053,0.30110767561329,31.1006228133699,51.80611027615584,1453.0090662885643,65.6622458105489,0.79,0.09375,0.39,0.25,0.93,0.037037037037037,0.66,0.074074074074074,7.862434346403418,0.7272727272727273,5.663548813579888,1.0,5.1295384678977936,0.4,3.8425091464777608,0.7,0.0,pr
92,480,648,1128,19.92483605453952,0.92,0.84,0.4018913464421272,0.3095449251716749,268.56149750845617,352.75771779572926,113334.73033825196,78.6844371728696,,,,,,,,,,,,,,,,,,
93,480,648,1128,19.92483605453952,0.92,0.84,0.4018913464421272,0.3095449251716749,268.56149750845617,352.75771779572926,113334.73033825196,78.6844371728696,,,,,,,,,,,,,,,,,,
94,67,83,150,8.121263252634556,0.88,0.75,0.4432345984373043,0.3532644190910006,38.521196164955086,55.302945702187536,994.6932232799352,51.251386176532,0.75,0.0307692307692307,0.49,0.0307692307692307,0.88,0.1,0.65,0.06,5.473193642179647,0.3636363636363636,4.345941836231648,0.3636363636363636,3.5816573714799893,0.4545454545454545,2.88690319653598,0.9090909090909092,0.0,pr
95,56,68,124,8.564716035493014,0.92,0.8,0.4691015318891522,0.3394988485118606,30.759682844420745,45.91861443894415,642.8338654396877,40.30005110495127,0.8,0.1509433962264151,0.47,0.2641509433962264,0.92,1.0,0.67,0.1125,5.913074475680152,0.7307692307692307,4.6084092215812005,1.0,3.9117990420610393,1.0,3.1077994053291818,0.6785714285714286,5.0,pr
96,57,74,131,16.40385599251654,0.91,0.71,0.5463475345006095,0.3527923445906076,33.39733809786187,57.21045890947295,1879.7093091687707,48.853165545696186,0.71,0.15,0.51,0.25,0.91,0.0571428571428571,0.75,0.0571428571428571,5.742297025176624,0.6666666666666666,4.961188084946219,0.8888888888888888,3.89881606666605,0.8,3.395045896332077,0.4,0.0,pr
97,57,74,131,8.187848704504644,0.88,0.76,0.4730002898457605,0.3573993982267389,32.91269206451537,50.048756255108174,1041.4617619423675,70.92686583626856,0.76,1.0,0.5,0.3692307692307692,0.88,1.0,0.66,0.2592592592592592,16.94210353807662,0.71875,14.322781790376665,0.71875,11.991108324709378,1.0,10.16461904638541,1.0,5.0,pr
98,60,95,155,9.875291748922397,0.95,0.93,0.6920730765963086,0.5243315722589579,55.77021749577323,85.83364711155573,6280.497265708338,80.56622888331833,0.77,0.1666666666666666,0.51,0.3,0.91,0.0833333333333333,0.72,0.1,6.389417006650676,0.6111111111111112,5.344436195328642,1.0,4.194988145354044,1.0,3.526705587696376,0.6086956521739131,0.0,pr
99,61,90,151,29.00318082306304,0.84,0.61,0.5603737326189492,0.3068052206789829,32.32677708924042,69.57386409939633,25175.416771247128,36.76087775256335,0.61,0.0857142857142857,0.49,0.3142857142857143,0.84,0.081967213114754,0.76,0.081967213114754,7.249975760997776,0.5882352941176471,6.589338998508909,1.0,4.735660146948845,1.0,4.354726731185316,0.9285714285714286,0.0,pr
100,60,80,140,22.15569523663135,0.94,0.66,0.5735769570258391,0.3291524751545601,32.954919122796724,64.25579026957001,8941.316042923912,59.31258512288032,0.66,0.8533333333333334,0.48,1.0,0.94,1.0,0.78,1.0,7.402429473081724,1.0,6.284375298654868,1.0,4.799727517569348,1.0,4.1806989522451445,1.0,5.0,pr
101,44,63,107,8.362647637168763,0.85,0.78,0.4814074439352009,0.376339366428084,27.341153737505884,41.98797297223495,569.9287041610419,46.940540629147804,0.78,0.1224489795918367,0.53,0.2857142857142857,0.85,0.140625,0.65,0.140625,16.600556747953327,1.0,14.455244775771982,0.75,12.658131838639108,1.0,10.96444759567741,0.6923076923076923,5.0,pr
102,54,83,137,29.012278167030413,0.87,0.61,0.6323502192984428,0.3611026173487258,32.68217523511069,69.80405970592987,24094.753897301227,36.38619940470591,0.61,0.1,0.58,0.1,0.87,0.1956521739130435,0.84,0.1956521739130435,13.491515152232168,0.7647058823529411,13.174043644345744,0.7647058823529411,9.631274331489124,1.0,9.395118953738148,1.0,0.0,pr
103,49,59,108,8.25000410666449,0.9,0.95,0.623801320905509,0.4171452152123588,33.07063230380868,52.33776572962997,1467.3477624353943,69.82025215742391,0.85,0.1458333333333333,0.43,0.2083333333333333,1.05,1.0,0.67,0.203125,14.239780938340562,0.75,10.781663026358512,1.0,10.34664092734351,0.6666666666666666,7.958631076146626,1.0,5.0,pr
104,56,86,142,24.67310347173258,0.85,0.63,0.5707288972884067,0.3462230758593149,33.78819725356101,67.05197104940602,14647.44510193644,52.74517726822809,0.63,0.0491803278688524,0.56,0.0163934426229508,0.85,0.1162790697674418,0.78,0.1627906976744186,13.15206203914152,0.125,12.4597594893414,1.0,9.45575973447656,1.0,8.95766343940358,0.7777777777777778,0.0,pr
105,41,76,117,12.91203646673091,0.98,0.94,0.7085792938874198,0.4967870960670965,37.3997761955794,66.89515883333688,4750.567873330963,75.43437737322691,0.69,0.1621621621621621,0.62,0.1621621621621621,0.84,0.2413793103448276,0.79,0.1724137931034483,14.349245403507496,0.5454545454545454,13.785501551548764,0.5454545454545454,10.61664075441863,1.0,10.207700924749258,1.0,0.0,pr
106,73,76,149,6.129901354303404,0.9432688459314592,0.79,0.4347185540417114,0.331082478345692,37.8444963740797,51.63498247998585,579.7000637277107,49.54461147631217,0.79,0.0769230769230769,0.43,0.1384615384615384,1.06,0.0576923076923076,0.67,0.1153846153846153,5.730366077597006,0.8461538461538461,4.075978201635095,1.0,3.7358804244511066,0.7222222222222222,2.712591752846162,0.6666666666666666,5.0,pr
107,52,66,118,11.117785515551128,0.88,0.72,0.4768640658590082,0.3116804252931802,27.032221027637675,44.74164390877916,1181.8285676032642,41.654396192154735,0.72,0.0888888888888888,0.45,0.2444444444444444,0.88,0.0526315789473684,0.67,0.2105263157894736,7.007135517844718,0.6666666666666666,5.666881414791181,1.0,4.530285923845974,0.2666666666666666,3.737135826183187,1.0,0.0,pr
108,67,83,150,13.796925935972512,0.89,0.78,0.4462336647317222,0.3132340795367783,35.01213827036013,53.805499782457005,1394.2340966785086,40.13215454892784,0.78,0.0677966101694915,0.43,0.135593220338983,0.89,0.1538461538461538,0.64,0.0576923076923076,7.128818076474171,0.5,5.550171123878767,0.8333333333333334,4.532498576166831,0.3846153846153846,3.567625459152649,1.0,0.0,pr
109,57,94,151,8.82614285130135,0.8,0.99,0.600640093377793,0.4710469911238758,47.354860164787496,73.76546723005877,4439.756967096839,75.96982285615053,0.75,0.1311475409836065,0.51,0.0655737704918032,0.86,0.1346153846153846,0.68,0.1923076923076923,15.531189311572431,1.0,13.074059434692888,0.9285714285714286,10.49282894482654,0.3703703703703703,8.813968489583969,1.0,0.0,pr
110,60,103,163,23.63915168214152,0.81,0.58,0.5167954886745257,0.3157116831074155,33.62038687838887,67.6636025647488,11372.26113110473,58.68970687260181,0.58,0.0327868852459016,0.52,0.0327868852459016,0.81,0.1176470588235294,0.76,0.1176470588235294,7.1658301136650335,0.5833333333333334,6.830908448488144,1.0,4.704974696111548,0.8461538461538461,4.484236308687344,0.2307692307692307,0.0,pr
111,59,94,153,22.405205026743023,0.85,0.71,0.576685711578676,0.4074078076782531,40.271507393927465,74.50931115974088,16484.092329943967,40.58531039407107,0.71,0.1194029850746268,0.63,0.2835820895522388,0.85,0.1684210526315789,0.79,0.1684210526315789,6.562607544905054,1.0,6.182633757145782,1.0,4.251850027104204,1.0,4.0160658260532776,1.0,5.0,pr
112,75,91,166,18.02516705945621,1.08,0.82,0.5631213413672632,0.3279670107029088,39.45853325043499,71.66002905384914,6738.589653505625,62.34945301648028,0.82,0.0597014925373134,0.45,0.0597014925373134,1.08,0.0576923076923076,0.76,0.1153846153846153,8.196394321045918,0.6,6.272611911589024,0.6,5.495420391472671,1.0,4.214583139799547,0.9285714285714286,0.0,pr
113,61,67,128,8.741044953413533,1.03,0.8088938701807395,0.4475530788900742,0.302386714795137,28.94691422277122,45.172114409893375,544.2151976083735,41.8836156187183,0.87,0.1063829787234042,0.4,0.2553191489361702,1.03,1.0,0.67,0.1379310344827586,6.017156666012802,0.75,4.222746729863252,0.875,4.002964703650089,0.7777777777777778,2.9615866705366125,1.0,0.0,pr
114,52,65,117,6.949149293543555,0.9,0.77,0.5574563500268798,0.4331022305519514,36.43932919906434,51.7042968602839,620.3476342445072,72.48069504385366,0.77,0.0588235294117647,0.62,0.0588235294117647,0.9,0.081081081081081,0.78,0.054054054054054,15.166663286133067,0.2727272727272727,13.72717887384054,0.6363636363636364,11.107821542910337,0.2727272727272727,10.05421125356628,0.6363636363636364,0.0,pr
115,59,84,143,10.840917173725188,0.92,0.84,0.4947251550189796,0.3852043098068543,37.82126346539952,58.22696074839533,1612.7492943684915,80.39175063953043,0.84,0.0289855072463768,0.55,0.0289855072463768,0.92,0.1020408163265306,0.68,0.1224489795918367,16.74763286750612,1.0,13.579839318187869,0.3636363636363636,11.938280618169802,0.3333333333333333,9.657301153615656,0.75,0.0,pr
116,51,91,142,11.285897475765768,0.86,0.93,0.625567245427127,0.4630123176657655,43.895571386658446,73.39611329505838,7757.80234128361,59.16059652708471,0.64,0.0983606557377049,0.56,0.0983606557377049,0.84,0.1142857142857142,0.78,0.1428571428571428,5.626825216747028,0.5,5.293222200414611,0.75,3.525930799215471,1.0,3.3443990896741984,0.5,0.0,pr
117,48,64,112,16.90643216564614,0.97,0.83,0.501164810571609,0.3239319167596425,25.29412235760231,44.62050757190014,1530.0097030941124,42.73258302362959,0.83,0.0769230769230769,0.44,0.1025641025641025,0.97,1.0,0.68,0.1363636363636363,7.305423236781413,0.875,5.646293536849402,0.75,5.093672868060583,0.2,3.9365711244086974,0.4,0.0,pr
118,59,93,152,28.450132887129875,0.89,0.64,0.6287681927550064,0.3548714173675099,36.63378168076119,78.16890765284566,29954.157633358616,45.39776583401607,0.64,0.9,0.58,1.0,0.89,1.0,0.84,1.0,6.885536449454253,1.0,6.54051584101411,1.0,4.283042738904627,1.0,4.096725287909389,1.0,5.0,pr
119,54,69,123,8.670817861997687,0.99,0.8,0.5305040169957009,0.3696821958937432,30.50465252772122,52.30361410650782,1177.6481143973135,80.05149857726053,0.77,0.125,0.43,0.2916666666666667,0.95,0.0869565217391304,0.67,0.0652173913043478,6.037403549479131,0.7777777777777778,4.660930995447939,1.0,4.125433455064447,0.4285714285714285,3.235934295215173,0.5714285714285714,0.0,pr
120,49,69,118,19.345646604537222,0.83,0.61,0.5507789537187551,0.3468244408026941,27.50599974255144,51.53078022738953,2524.692224170988,50.4582174632204,0.61,0.0444444444444444,0.5,0.1111111111111111,0.83,0.0833333333333333,0.74,0.1111111111111111,6.845615294644761,0.6,6.232440560874116,0.9,4.336775745464026,0.2857142857142857,3.995669770101912,0.3571428571428571,0.0,pr
121,46,74,120,5.06117846596217,0.88,0.88,0.6576797271768322,0.4978251552585865,40.19891699884148,63.97834686956462,1153.3533328733902,77.51525526540325,0.83,0.1739130434782608,0.43,0.1521739130434782,0.95,1.0,0.65,0.1875,7.226635681210979,0.391304347826087,5.023020954145128,1.0,4.473611142857163,0.6,3.2388612229129974,0.75,0.0,pr
122,56,79,135,18.612706661131863,0.96,0.74,0.5843078858556101,0.3710875979685075,34.51740950442098,63.42713851536261,4564.164221310764,60.6820560342055,0.74,1.0,0.55,0.8108108108108109,0.96,1.0,0.78,1.0,6.877289136705858,0.9473684210526316,6.173226598767405,1.0,4.814469906470536,1.0,4.365323444521619,0.8048780487804879,5.0,pr
123,56,77,133,9.782963924083148,0.93,0.81,0.4990472421007217,0.3501651151076143,33.58200692792712,53.66408856072817,1075.6227424002318,32.355370645224895,0.81,0.1785714285714285,0.51,0.2142857142857142,0.93,0.108695652173913,0.69,0.1956521739130435,6.001338016344102,0.8,4.710287837193317,1.0,3.798948595196015,1.0,3.085447896795796,0.6,0.0,pr
124,45,73,118,27.660718157482908,0.82,0.61,0.6079287490824358,0.3741519296143684,27.41673888545916,58.49100559985769,14669.091300383958,32.45432424172912,0.61,0.3720930232558139,0.6,0.3720930232558139,0.82,0.28,0.82,0.28,5.8973669028579305,1.0,5.848788461241298,1.0,3.966343595942477,1.0,3.933982346294401,1.0,5.0,pr
125,66,79,145,9.739225228232806,0.94,0.79,0.4449180813796409,0.2812580900787567,30.356433393243154,48.998616037514665,1093.4944319494111,44.17479379310635,0.79,1.0,0.38,0.421875,0.94,1.0,0.62,0.3297872340425531,8.146733638133574,1.0,6.126644789344565,0.7804878048780488,5.269283458943563,1.0,4.039468643524833,1.0,5.0,pr
126,58,63,121,8.396570100311104,1.0,0.81,0.5020264635717379,0.3393095127998959,30.88030588852433,46.39322518379733,765.76060844993,44.61346321227441,0.81,0.0888888888888888,0.45,0.0888888888888888,1.0,0.0425531914893617,0.71,0.1063829787234042,6.552713595041121,0.5,5.087366229960269,0.25,4.526092166170604,0.875,3.456786694403809,0.875,0.0,pr
127,59,96,155,25.548084321854805,0.81,0.59,0.5440863928576245,0.3316659722282872,34.02763670127598,68.20963766921886,14222.836219090284,42.28476468370139,0.59,0.0967741935483871,0.57,0.0967741935483871,0.81,0.1568627450980392,0.8,0.1568627450980392,6.036113039342276,0.4074074074074074,5.902142743892079,0.6296296296296297,3.5624234433398865,1.0,3.5007983180389264,1.0,0.0,pr
128,35,75,110,12.602267909289235,0.86,0.86,0.6613750382287709,0.4630395865040629,30.068947772723824,60.52630272602509,8025.200027590847,66.08091254743805,0.79,0.1509433962264151,0.52,0.1886792452830188,1.0,0.1666666666666666,0.75,0.1666666666666666,15.772271405482128,0.5454545454545454,12.855259283627849,0.8636363636363636,10.949723162039492,0.6521739130434783,9.180311028064922,1.0,5.0,pr
129,60,77,137,15.51033927216548,0.84,0.66,0.4915707789917333,0.3486770009164341,34.01234145074828,54.39506042801844,1750.29084293774,50.76702357912689,0.66,0.1052631578947368,0.49,0.2105263157894736,0.84,0.1590909090909091,0.7,0.1590909090909091,5.844120034874278,0.7727272727272727,5.147802709349252,1.0,4.082564684461154,1.0,3.6112526378732346,0.8235294117647058,0.0,pr
130,61,90,151,17.444094192229382,0.8,0.67,0.5673341429482768,0.3747267801967817,39.72320380326944,68.04596713404787,5604.463399854398,60.47272667229634,0.67,0.1538461538461538,0.61,0.1538461538461538,0.8,0.0677966101694915,0.76,0.0677966101694915,5.527029060058711,0.7142857142857143,5.286443100559371,0.7142857142857143,3.4464784423914883,0.5625,3.3007342558635284,0.5625,0.0,pr
131,48,66,114,16.839108349021693,0.97,0.77,0.567046883363687,0.3610923745358432,29.57250650090951,51.22255230055851,1501.7067485655118,45.61267517165991,0.77,0.06,0.52,0.1,0.97,0.1470588235294117,0.75,0.1764705882352941,6.2518292835495,0.8888888888888888,4.678375395544772,0.8888888888888888,3.907347539527652,0.8,3.05674074144684,0.9,0.0,pr
132,46,64,110,18.78772059112811,1.0,0.78,0.5674025387687507,0.3647081956786889,28.490766081134623,51.35298765830856,3109.5684588904496,58.78831512884736,0.78,0.1,0.52,0.2,1.0,0.2285714285714285,0.77,0.2,14.014308179554543,0.7058823529411765,11.819251236364268,0.8235294117647058,9.843746149603778,1.0,8.295507428743097,0.9333333333333332,0.0,pr
133,58,73,131,9.335362049340858,0.92,0.76,0.4883495305680616,0.3317603290159974,32.41841246564715,50.841637222563925,800.9757598424662,45.06368841648086,0.76,0.0566037735849056,0.47,0.1132075471698113,0.92,0.074074074074074,0.69,0.1296296296296296,6.137526919581811,0.9230769230769232,4.814453604802692,0.6923076923076923,3.957799425451192,0.8571428571428571,3.141548523389228,0.5,5.0,pr
134,48,68,116,19.515107109403377,0.8,0.61,0.528471799103565,0.3618484816615669,27.25689879057545,49.792110545763215,2643.4942997964795,41.51902640284722,0.61,0.0652173913043478,0.54,0.0217391304347826,0.8,0.0444444444444444,0.74,0.0444444444444444,6.928607343991233,0.8888888888888888,6.550077729637,0.5555555555555556,4.6510066676537205,0.5,4.454837908590464,0.2,0.0,pr
135,78,74,152,5.655979456046431,0.91,0.72,0.4452064600809187,0.3023477239739267,35.48895738007712,50.19015181824297,594.3946103380142,38.64299152169965,0.72,0.081967213114754,0.43,0.0983606557377049,0.91,0.9722222222222222,0.65,0.1666666666666666,6.435048144523182,0.5882352941176471,4.997516768769839,0.8235294117647058,4.264180054585946,0.2777777777777778,3.404828528231944,0.5,0.0,pr
136,54,64,118,10.054509023034806,0.98,0.81,0.4971833556617198,0.3303967532431033,28.685697801256804,45.261978121641576,1042.842364849696,41.89598725545325,0.81,0.1333333333333333,0.46,0.4666666666666667,0.98,0.0697674418604651,0.69,0.0697674418604651,6.9381287272476895,0.7,5.560504338838796,0.9,4.707327985311497,0.5,3.7031158701797073,0.625,0.0,pr
137,61,79,140,18.88817226414966,1.03,0.84,0.4864328472357158,0.2842091002024508,29.207700531528648,55.111950140523966,2863.119585070396,36.77660859358486,0.84,0.2459016393442623,0.4,0.4590163934426229,1.03,1.0,0.69,0.1888888888888888,6.3018505220639165,0.6304347826086957,4.54129579820289,1.0,4.051010945516151,0.7941176470588235,3.0854598074406754,1.0,5.0,pr
138,45,50,95,6.686891943511183,0.96,0.85,0.3751597711692005,0.2660630043527413,18.8088442759316,27.84925435148312,310.8404610961715,41.67794486648925,0.85,1.0,0.51,0.8823529411764706,0.96,1.0,0.71,1.0,14.258686398551646,0.71875,11.905724839574027,1.0,10.230684266214054,0.5277777777777778,8.371202461126538,1.0,5.0,pr
139,57,75,132,8.183499186917453,0.9581719222878085,0.86,0.4529058499557982,0.3503611790151384,32.46629988146695,48.26744063121124,799.7453842822983,50.98519032553449,0.86,0.2692307692307692,0.47,0.2307692307692307,0.96,0.125,0.63,0.1875,16.37634142314688,0.6363636363636364,12.204062588043056,1.0,11.394177700182784,0.5384615384615384,8.524976629413597,1.0,0.0,pr
140,47,61,108,17.317198059993032,0.96,0.72,0.607456742472217,0.3978793938492382,30.328973870665745,51.51912827074426,2109.8312733489274,53.24642664786558,0.72,0.2222222222222222,0.57,0.2222222222222222,0.96,0.1470588235294117,0.83,0.1470588235294117,12.971998548971513,0.7083333333333334,11.887922130158216,1.0,9.691449166178916,0.6,8.75433873942604,1.0,5.0,pr
141,60,78,138,9.61225186359892,0.84,0.68,0.4838396985787638,0.3446148952483618,33.555150322232166,52.60205773837443,1072.6042579947396,49.497210193535054,0.68,0.0517241379310344,0.49,0.1206896551724138,0.84,0.0625,0.67,0.1041666666666666,6.606557162171493,0.2727272727272727,5.655255359991099,0.4545454545454545,4.411556623192762,0.5,3.7747859756373394,1.0,5.0,pr
142,74,90,164,17.500837115479992,0.94,0.75,0.4686022766721071,0.2933799150278525,35.07599825579983,59.7779810726105,3949.433635687453,47.09255200158656,0.75,0.03125,0.39,0.15625,0.94,0.0476190476190476,0.65,0.0793650793650793,7.855560938157254,0.5294117647058824,5.982359990283971,0.4117647058823529,5.267322662571268,0.9230769230769232,4.023034998614507,0.6153846153846154,0.0,pr
143,56,61,117,6.419121589815767,0.92,0.74,0.4381852503927693,0.3490378174776482,30.133730498062448,37.89602277193482,183.85970960869463,44.04393115119929,0.74,0.0535714285714285,0.52,0.0535714285714285,0.92,0.2857142857142857,0.72,0.1904761904761904,5.289479666856557,0.5714285714285714,4.066833725788864,1.0,3.245111570823024,1.0,2.657637060915881,0.6666666666666666,0.0,pr
144,69,71,140,5.519676515207319,0.94,0.77,0.444289344421851,0.3335893315896807,36.97193580192046,47.59718309328819,320.45617054505124,40.38251901861207,0.77,0.0806451612903225,0.45,0.2580645161290322,0.94,0.1204819277108433,0.66,0.1325301204819277,5.669673442850389,0.9285714285714286,3.964661243833193,1.0,3.3978451533139835,1.0,2.5034610532214283,0.5925925925925926,5.0,pr
145,50,65,115,7.968835440271063,0.9,0.8,0.4581154104486702,0.3700344185239872,29.704333365867697,42.61385496265371,483.853033828712,43.08598222753272,0.8,0.0185185185185185,0.5,0.0555555555555555,0.9,0.1142857142857142,0.64,0.0571428571428571,14.709078932131304,0.2222222222222222,11.543771055920123,0.7777777777777778,10.156349111798148,0.1666666666666666,8.287499661241528,0.0833333333333333,0.0,pr
146,59,90,149,12.011530858202848,0.92,0.83,0.6146947573433893,0.4768118805430329,48.7534171996377,73.43692720707651,1609.8573269025385,51.411925726813,0.7,0.044776119402985,0.59,0.0895522388059701,0.87,0.1836734693877551,0.77,0.1836734693877551,15.65504929351779,0.6666666666666666,14.370124266047377,0.6666666666666666,10.765929834766824,0.5625,9.909800650743945,0.8125,5.0,pr
147,44,65,109,18.093369802770383,0.82,0.64,0.5800492107184445,0.3815946343947138,28.075113668961045,51.681896058993225,2507.3427253268155,60.69392499704761,0.64,0.0697674418604651,0.62,0.0697674418604651,0.82,0.1379310344827586,0.8,0.1379310344827586,13.075749578677293,0.5454545454545454,12.90663488272994,0.5454545454545454,9.71072277062464,0.3333333333333333,9.567965602954017,0.8888888888888888,0.0,pr
148,47,62,109,11.557237401309118,0.99,0.82,0.4959756814275792,0.318068236151133,25.13251552246584,43.277582305604696,1149.4174035392434,42.0339689452781,0.82,0.1724137931034483,0.46,0.2413793103448276,0.99,0.3829787234042553,0.68,0.1489361702127659,7.226167284165261,0.6,5.577299813474567,1.0,4.896718930225837,1.0,3.810099706403764,0.5,0.0,pr
149,52,67,119,5.335577388025208,0.82,0.85,0.567608691867579,0.4120740360180642,34.48474915499206,53.44058246045541,664.900043442786,48.80883928850003,0.7,0.196078431372549,0.6,0.3137254901960784,0.86,0.1285714285714285,0.77,0.1285714285714285,6.443087931448342,0.5714285714285714,5.844490442084127,1.0,4.182222395913544,0.7083333333333334,3.809835905905048,1.0,5.0,pr
150,58,88,146,22.83174996521937,0.92,0.74,0.5799144601677013,0.3582016278637847,36.47626747999091,69.21469728070232,11994.51634548173,43.40451211544268,0.74,0.05,0.56,0.05,0.92,0.1538461538461538,0.77,0.1153846153846153,5.808733079580031,0.8181818181818182,5.029266442200484,0.5454545454545454,3.635371450909586,1.0,3.1962261304442308,0.5,0.0,pr
151,51,70,121,18.8873628467366,0.83,0.61,0.5708518724868079,0.3669071327392169,30.62422251028194,55.37851950847964,2641.911360211632,46.45643339828761,0.61,0.0384615384615384,0.57,0.0769230769230769,0.83,0.0857142857142857,0.8,0.0571428571428571,5.202330801831722,0.5,5.006112134041687,0.75,3.4734205119274986,0.25,3.366456007194772,0.25,0.0,pr
152,64,87,151,23.982742735186065,0.88,0.66,0.5488012612338617,0.3060938872073106,33.71630836099377,66.44084113689917,13049.806267160946,48.10560157520064,0.66,0.2903225806451613,0.46,0.2903225806451613,0.88,1.0,0.74,0.1333333333333333,7.482184939377135,0.9761904761904762,6.336652668435588,0.9761904761904762,4.829075024535597,1.0,4.197352865297755,1.0,5.0,pr
153,70,54,124,7.608767126095441,0.61,0.35,0.2888111759800127,0.2086391524978282,21.466071825435804,26.34681474387932,179.0573587400427,39.082314947191286,0.35,1.0,0.26,0.6153846153846154,0.61,1.0,0.49,0.3043478260869565,7.690243390877301,0.42,6.5113660199641945,1.0,4.7501808036577975,1.0,4.124418740861497,1.0,5.0,pr
154,77,79,156,8.956644664764747,0.64,0.41,0.319718307858127,0.221316821762098,26.88970849396805,41.06413140097093,683.7406542444658,38.27771017533073,0.41,0.3846153846153846,0.3,0.3076923076923077,0.64,0.1333333333333333,0.52,0.1333333333333333,6.0068887028686815,0.6428571428571429,5.130300362243142,0.4285714285714285,3.618326560939992,0.8333333333333334,3.120640216704503,0.3333333333333333,0.0,pr
155,44,64,108,21.12270076453884,0.43,0.27,0.1703753363584828,0.1109549445916682,9.293349411584384,16.816233971545998,292.0054377809189,10.109279986227172,0.27,1.0,0.16,0.7951807228915663,0.43,1.0,0.27,0.5684210526315789,15.765001385795603,0.7142857142857143,13.0429839840207,1.0,10.661942532314768,0.9090909090909092,8.937202057827271,1.0,5.0,pr
156,39,62,101,18.85515722180391,0.87,0.71,0.6092719253885754,0.3946522901487941,26.689149444321533,50.598530158453535,2960.441871289716,58.448605866462856,0.71,0.1111111111111111,0.63,0.1111111111111111,0.87,0.05,0.81,0.175,13.49338623434885,0.8,12.896917115312329,0.8,10.04391355482449,0.875,9.535096309633971,0.875,4.0,pr
157,53,94,147,21.29310493283728,0.63,0.5,0.3601496484646641,0.2287337447958701,22.921436665875493,44.28034369955584,2248.445672272181,35.42783893903597,0.5,0.1666666666666666,0.37,0.2083333333333333,0.63,0.16,0.46,0.08,4.80745916561282,0.7777777777777778,4.144192515566307,1.0,3.3119271278192564,0.6666666666666666,2.767930079214429,0.5555555555555556,0.0,pr
158,60,60,120,8.071887132684358,0.64,0.41,0.3349845478329574,0.2227804427044605,20.84300893870829,31.04764731544643,274.9207210492,26.41209618200739,0.41,0.3846153846153846,0.3,0.3076923076923077,0.64,0.1333333333333333,0.52,0.1333333333333333,6.0068887028686815,0.6428571428571429,5.130300362243142,0.4285714285714285,3.618326560939992,0.8333333333333334,3.120640216704503,0.3333333333333333,0.0,pr
159,57,95,152,20.334110347121253,0.37,0.25,0.2151896235389343,0.120757444366408,13.271715539072163,27.86014899285352,871.6917988952691,15.090762379795066,0.25,1.0,0.2,0.375,0.37,0.2459016393442623,0.3,0.2459016393442623,5.7573075899904245,1.0,5.2157565437709374,1.0,3.9730610458546254,1.0,3.5806548576904937,1.0,5.0,pr
160,57,57,114,7.997940928710089,0.64,0.41,0.3149969828677132,0.2293210884223212,20.13911420067337,28.794096900302595,241.92184199891605,27.880809441621007,0.41,0.3846153846153846,0.3,0.3076923076923077,0.64,0.1333333333333333,0.52,0.1333333333333333,6.0068887028686815,0.6428571428571429,5.130300362243142,0.4285714285714285,3.618326560939992,0.8333333333333334,3.120640216704503,0.3333333333333333,0.0,pr
161,59,77,136,15.580486531929404,0.35,0.25,0.2034319667769691,0.1395047826695673,14.216254348439376,22.42256283424847,304.24959726097654,21.1605412804136,0.25,1.0,0.21,1.0,0.35,1.0,0.29,1.0,5.096437556192927,1.0,4.6052737943335496,1.0,3.111818001391258,1.0,2.880457452719528,1.0,5.0,pr
162,59,74,133,21.449390924915868,0.64,0.41,0.3643259969128252,0.2135604211890531,20.536423904039616,38.88019573617687,1429.361621490296,48.524693576801205,0.41,0.3846153846153846,0.3,0.3076923076923077,0.64,0.1333333333333333,0.52,0.1333333333333333,6.0068887028686815,0.6428571428571429,5.130300362243142,0.4285714285714285,3.618326560939992,0.8333333333333334,3.120640216704503,0.3333333333333333,0.0,pr
163,74,79,153,14.466772307643874,0.37,0.22,0.2144237783674968,0.1354277091678796,16.21686554809088,26.91253601500349,470.0267792939714,16.441316029287524,0.22,0.5813953488372093,0.21,0.5813953488372093,0.37,0.3166666666666666,0.36,0.3166666666666666,6.752133090695562,0.55,6.61820810246882,0.55,4.436928543353207,0.90625,4.356490338101595,0.90625,5.0,pr
164,74,83,157,11.822546447987696,0.64,0.41,0.3498795497140308,0.2118098406808624,25.655023241810326,42.86490055978147,1065.0201882217318,38.29814113860285,0.41,0.3846153846153846,0.3,0.3076923076923077,0.64,0.1333333333333333,0.52,0.1333333333333333,6.0068887028686815,0.6428571428571429,5.130300362243142,0.4285714285714285,3.618326560939992,0.8333333333333334,3.120640216704503,0.3333333333333333,0.0,pr
165,64,69,133,6.184385764120383,0.96,0.85,0.4224179442391982,0.3414563541302022,33.0444241545584,45.36606672793993,351.15107381398474,44.759845491156206,0.85,0.0357142857142857,0.54,0.0535714285714285,0.96,0.1219512195121951,0.68,0.1219512195121951,5.118863997368763,0.6,4.016636495113669,1.0,3.3545594848302343,0.7,2.6458298642837943,0.7,0.0,pr
166,60,81,141,16.317287957167242,0.91,0.72,0.5426382526345341,0.3776666277716357,37.53020332257328,61.87601217187834,2398.8109435690144,46.51908520631729,0.72,0.0625,0.55,0.171875,0.91,0.1025641025641025,0.75,0.0897435897435897,6.692655051753565,1.0,5.8892450576237945,1.0,4.547552190730049,1.0,4.026381688903604,1.0,0.0,pr
167,56,66,122,14.307286530257963,0.55,0.39,0.3617425133192889,0.2166233873468986,18.93361706270904,34.700082252723405,875.2654830748509,27.12517193215761,0.39,0.2195121951219512,0.37,0.2195121951219512,0.55,0.1333333333333333,0.53,0.1333333333333333,6.314143614059505,1.0,6.159522117877575,1.0,4.192169192784608,1.0,4.095155510109166,1.0,0.0,pr
168,61,81,142,12.079912525221,0.84,0.72,0.5173299679704556,0.391222388952019,39.31352747453459,59.63361706534453,1409.9904573475935,69.76050053669694,0.72,0.2894736842105263,0.57,0.2894736842105263,0.84,0.2068965517241379,0.72,0.2068965517241379,15.259976308688255,1.0,13.5936327519374,1.0,10.044976413679128,0.88,9.072770649096777,0.88,5.0,pr
169,56,51,107,7.402201458039112,0.55,0.37,0.3243487412497569,0.245296838720288,20.702546790917644,26.67859371164286,190.3652120209439,28.338710003431338,0.37,0.3611111111111111,0.36,0.3611111111111111,0.55,0.1,0.54,0.1,6.78604382818161,0.5142857142857142,6.717340040026322,0.5142857142857142,4.125116942155437,0.3823529411764705,4.087349752271935,0.3823529411764705,5.0,pr
170,52,57,109,9.549258635525309,1.04,0.82,0.4760717991964734,0.3119961737411915,25.630824194318627,40.2022630227128,611.3102017412663,44.2342548016572,0.82,1.0,0.4,0.4038461538461538,1.04,1.0,0.68,0.2567567567567567,14.318812744043765,0.7419354838709677,11.018655111081038,1.0,10.535854509898789,1.0,7.925332972413361,0.5833333333333334,5.0,pr
171,49,73,122,11.378857735085631,0.98,0.88,0.7324953888293309,0.5016497491205897,42.594704781752064,70.35845042880848,1448.5537475620524,77.65843481315403,0.64,0.0666666666666666,0.51,0.1555555555555555,0.83,0.1111111111111111,0.73,0.074074074074074,6.946095564281121,1.0,6.329403557821715,0.5384615384615384,4.639671137097,1.0,4.274693625765249,0.6363636363636364,0.0,pr
172,16,43,59,21.55170792240204,0.3597213300184949,0.1833419188310399,0.1064062752739925,0.0531861225429864,1.9111137334636688,6.196607915242634,185.70988363557936,2.968565485869961,0.13,0.1176470588235294,0.08,0.0588235294117647,0.23,1.0,0.16,0.375,7.272428683261348,1.0,6.234795947444875,0.3333333333333333,4.896481894771679,0.4,4.183336559696441,0.4,0.0,pr
173,39,54,93,20.768217417376363,0.77,0.46,0.4751205971949193,0.2131379889731605,14.671024012386036,36.51594064818462,2743.947475247886,37.13816342233691,0.46,0.4166666666666667,0.31,0.0833333333333333,0.77,0.16,0.67,0.04,9.713539514937562,0.5,8.534294535503467,1.0,6.703968303219726,0.6666666666666666,5.864390158916169,0.6666666666666666,0.0,pr
174,26,49,75,20.24878199203582,0.88,0.6,0.6458069049152404,0.3045152501540388,14.519539202076214,40.080320250377625,4280.672393792911,39.06634892692646,0.6,0.1290322580645161,0.5,0.1290322580645161,0.88,0.3125,0.82,0.3125,9.058440851596478,0.7692307692307693,8.375198537545895,0.7692307692307693,6.132661880291136,0.7333333333333333,5.705287169924876,0.6666666666666666,0.0,pr
175,42,66,108,33.4858191222909,0.92,0.5913478345885166,0.6664893525943382,0.3260296429741239,23.512334964269183,58.16666658345426,20994.9791906684,26.74400687100285,0.57,0.1956521739130435,0.55,0.1956521739130435,0.92,0.4285714285714285,0.9,0.4285714285714285,9.958680458125462,0.6842105263157895,9.791630499363809,0.6842105263157895,6.436290474824857,1.0,6.315712276120526,1.0,0.0,pr
176,55,81,136,23.61067835804208,1.03,0.82,0.5453318440665588,0.2911631615376693,28.627471642918707,60.106313036201485,9531.741364466172,49.65431722227602,0.82,0.073170731707317,0.4,0.1463414634146341,1.03,0.4468085106382978,0.75,0.0638297872340425,11.864322902568103,1.0,8.94548662961046,0.4090909090909091,7.956722602340502,0.75,5.654899383718769,0.6875,0.0,pr
177,38,74,112,36.41328418007919,0.91,0.62,0.7194467831351071,0.3249011948408917,23.30957626613057,65.2712932965452,34100.75997703189,22.24183572146525,0.62,0.3478260869565217,0.6,0.3478260869565217,0.91,1.0,0.9,0.21875,9.670159440466684,0.6382978723404256,9.519239621547309,0.6382978723404256,6.422316893885071,0.8648648648648649,6.319303973947324,0.8648648648648649,5.0,pr
178,37,57,94,26.33324078141217,0.53,0.3215222377069813,0.3264308559975594,0.1344431499618687,8.526152843755884,26.29484608343118,1619.2173403577408,17.815174121198986,0.25,0.2941176470588235,0.24,0.2941176470588235,0.53,1.0,0.51,0.3809523809523809,7.651854816975631,0.8,7.523993220151074,0.8,5.141700743622229,0.5,5.054159066193911,0.5,0.0,pr
179,12,23,35,30.47151203845017,1.05,0.6588320940148638,0.6794977161719331,0.2286011239645964,4.322060227357506,21.015677011473134,1316.8868258548346,14.762783511166294,0.74,0.0454545454545454,0.48,0.0681818181818181,1.05,0.0652173913043478,0.87,0.0652173913043478,10.903935208644867,0.5555555555555556,9.237389995643166,0.4444444444444444,7.367189158119286,0.4666666666666667,6.097812426272531,0.3333333333333333,0.0,pr
180,37,63,100,25.770938025942463,0.84,0.63,0.49178909863081577,0.26552787563651414,17.733483891966923,41.345433640062815,3348.9709276352537,41.47104458622255,0.63,0.03225806451612903,0.4,0.06451612903225806,0.84,0.09375,0.64,0.0625,9.814001406351274,0.4,8.003176792491143,0.4,6.393618000461173,0.3333333333333333,5.282507294599877,0.5,0.0,pr
181,44,60,104,24.524655419755717,0.81,0.51,0.5856660081976119,0.28404061191625113,21.230971198325342,46.24342608920981,3679.3621805299817,44.64847076707569,0.51,0.4166666666666667,0.44,0.4166666666666667,0.81,0.08333333333333333,0.76,0.06666666666666667,11.072040531084822,1.0,10.364667349612509,1.0,6.910757945620669,0.8421052631578947,6.457054111272092,0.8421052631578947,0.0,pr
